{
  "longitude" : 23.59199523923623,
  "results" : [
    {
      "providerId" : 5,
      "providerName" : "Apple",
      "results" : [
        {
          "ISOcountryCode" : "SK",
          "relevancyType" : 1,
          "administrativeAreaCode" : "",
          "uid" : "",
          "subAdministrativeArea" : "Trebišov",
          "topResult" : 0,
          "additionalInformation" : {
            "kSKOneBoxFilterDistanceKey" : 230089.6978592895,
            "rankingIndex" : 1
          },
          "longitude" : 48.4240271,
          "subLocality" : "",
          "latitude" : 48.4240271,
          "type" : 1,
          "street" : "",
          "administrativeArea" : "Košický kraj",
          "houseNumber" : "",
          "expected" : true,
          "postalCode" : "",
          "country" : "Slovakia",
          "name" : "Bara",
          "locality" : "Bara"
        },
        {
          "ISOcountryCode" : "IN",
          "relevancyType" : 1,
          "administrativeAreaCode" : "",
          "uid" : "",
          "subAdministrativeArea" : "Udham Singh Nagar",
          "topResult" : 0,
          "additionalInformation" : {
            "kSKOneBoxFilterDistanceKey" : 5178888.168804253,
            "rankingIndex" : 2
          },
          "longitude" : 28.8675746,
          "subLocality" : "",
          "latitude" : 28.8675746,
          "type" : 1,
          "street" : "",
          "administrativeArea" : "Uttarakhand",
          "houseNumber" : "",
          "expected" : false,
          "postalCode" : "",
          "country" : "India",
          "name" : "Bara",
          "locality" : "Bara"
        },
        {
          "ISOcountryCode" : "SE",
          "relevancyType" : 1,
          "administrativeAreaCode" : "",
          "uid" : "",
          "subAdministrativeArea" : "",
          "topResult" : 0,
          "additionalInformation" : {
            "kSKOneBoxFilterDistanceKey" : 1215474.182194901,
            "rankingIndex" : 3
          },
          "longitude" : 55.5818542,
          "subLocality" : "",
          "latitude" : 55.5818542,
          "type" : 1,
          "street" : "",
          "administrativeArea" : "Skåne",
          "houseNumber" : "",
          "expected" : true,
          "postalCode" : "",
          "country" : "Sweden",
          "name" : "Bara",
          "locality" : "Bara"
        },
        {
          "ISOcountryCode" : "RO",
          "relevancyType" : 1,
          "administrativeAreaCode" : "",
          "uid" : "",
          "subAdministrativeArea" : "",
          "topResult" : 0,
          "additionalInformation" : {
            "kSKOneBoxFilterDistanceKey" : 262767.269659363,
            "rankingIndex" : 4
          },
          "longitude" : 47.0192071,
          "subLocality" : "",
          "latitude" : 47.0192071,
          "type" : 1,
          "street" : "",
          "administrativeArea" : "Neamţ",
          "houseNumber" : "",
          "expected" : true,
          "postalCode" : "",
          "country" : "Romania",
          "name" : "Bâra",
          "locality" : "Bâra"
        },
        {
          "ISOcountryCode" : "RO",
          "relevancyType" : 1,
          "administrativeAreaCode" : "",
          "uid" : "",
          "subAdministrativeArea" : "",
          "topResult" : 0,
          "additionalInformation" : {
            "kSKOneBoxFilterDistanceKey" : 163771.7207860227,
            "rankingIndex" : 5
          },
          "longitude" : 45.894007,
          "subLocality" : "",
          "latitude" : 45.894007,
          "type" : 1,
          "street" : "",
          "administrativeArea" : "Timiş",
          "houseNumber" : "",
          "expected" : true,
          "postalCode" : "",
          "country" : "Romania",
          "name" : "Bara",
          "locality" : "Bara"
        },
        {
          "ISOcountryCode" : "ES",
          "relevancyType" : 1,
          "administrativeAreaCode" : "",
          "uid" : "",
          "subAdministrativeArea" : "Huesca",
          "topResult" : 0,
          "additionalInformation" : {
            "kSKOneBoxFilterDistanceKey" : 1934025.895067114,
            "rankingIndex" : 6
          },
          "longitude" : 42.3307296,
          "subLocality" : "",
          "latitude" : 42.3307296,
          "type" : 1,
          "street" : "",
          "administrativeArea" : "Aragon",
          "houseNumber" : "",
          "expected" : true,
          "postalCode" : "",
          "country" : "Spain",
          "name" : "Bara",
          "locality" : "Bara"
        }
      ]
    },
    {
      "providerId" : 1,
      "providerName" : "OpenStreetMap",
      "results" : [
        {
          "ISOcountryCode" : "RO",
          "relevancyType" : 2,
          "administrativeAreaCode" : "",
          "uid" : "",
          "subAdministrativeArea" : "",
          "topResult" : 0,
          "additionalInformation" : {
            "providerID" : 1,
            "mainCategory" : 0,
            "category" : -1,
            "skMapsCategoryId" : 0,
            "rankingIndex" : 1,
            "kSKOneBoxFilterDistanceKey" : 3792.461769226055,
            "identifier" : 0
          },
          "longitude" : 46.76074600219727,
          "subLocality" : "",
          "latitude" : 46.76074600219727,
          "type" : 0,
          "street" : "",
          "administrativeArea" : "",
          "houseNumber" : "",
          "expected" : false,
          "postalCode" : "400326",
          "country" : "",
          "name" : " [71706] Aleea Brateș",
          "locality" : ""
        },
        {
          "ISOcountryCode" : "IT",
          "relevancyType" : 2,
          "administrativeAreaCode" : "",
          "uid" : "",
          "subAdministrativeArea" : "",
          "topResult" : 0,
          "additionalInformation" : {
            "providerID" : 1,
            "mainCategory" : 0,
            "category" : -1,
            "skMapsCategoryId" : -1,
            "rankingIndex" : 2,
            "kSKOneBoxFilterDistanceKey" : 826485.3748236453,
            "identifier" : 0
          },
          "longitude" : 41.12578964233398,
          "subLocality" : "",
          "latitude" : 41.12578964233398,
          "type" : 0,
          "street" : "",
          "administrativeArea" : "Apulia",
          "houseNumber" : "",
          "expected" : true,
          "postalCode" : "",
          "country" : "Italy",
          "name" : " [70244] Bari",
          "locality" : ""
        }
      ]
    },
    {
      "providerId" : 6,
      "providerName" : "Telenav",
      "results" : [

      ]
    },
    {
      "providerId" : 2,
      "providerName" : "Recents",
      "results" : [

      ]
    },
    {
      "providerId" : 11,
      "providerName" : "Yelp",
      "results" : [

      ]
    },
    {
      "providerId" : 16,
      "providerName" : "Google",
      "results" : [
        {
          "ISOcountryCode" : "",
          "relevancyType" : 1,
          "administrativeAreaCode" : "",
          "uid" : "ChIJJYZT8CIMSUcRS7pN27EDq5E",
          "subAdministrativeArea" : "",
          "topResult" : 0,
          "additionalInformation" : {
            "ranking" : 0,
            "kSKOneBoxFilterDistanceKey" : 1121.272655690031,
            "providerID" : 15,
            "onelineAddress" : "Bulevardul Eroilor 23, Cluj-Napoca",
            "rankingIndex" : 1
          },
          "longitude" : 46.7732,
          "subLocality" : "",
          "latitude" : 46.7732,
          "type" : 1,
          "street" : "",
          "administrativeArea" : "",
          "houseNumber" : "",
          "expected" : true,
          "postalCode" : "",
          "country" : "",
          "name" : "SMARANDA BARA",
          "locality" : ""
        },
        {
          "ISOcountryCode" : "SE",
          "relevancyType" : 1,
          "administrativeAreaCode" : "Skåne County",
          "uid" : "",
          "subAdministrativeArea" : "",
          "topResult" : 0,
          "additionalInformation" : {
            "providerID" : 14,
            "rankingIndex" : 2,
            "kSKOneBoxFilterDistanceKey" : 1215094.701548425,
            "ranking" : 1
          },
          "longitude" : 55.579949,
          "subLocality" : "",
          "latitude" : 55.579949,
          "type" : 0,
          "street" : "",
          "administrativeArea" : "Skåne County",
          "houseNumber" : "",
          "expected" : true,
          "postalCode" : "",
          "country" : "Sweden",
          "name" : "Bara, Sweden",
          "locality" : "Bara"
        }
      ]
    },
    {
      "providerId" : 3,
      "providerName" : "Foursqare",
      "results" : [
        {
          "ISOcountryCode" : "RO",
          "relevancyType" : 2,
          "administrativeAreaCode" : "",
          "uid" : "4bae98fff964a52010c53be3",
          "subAdministrativeArea" : "",
          "topResult" : 0,
          "additionalInformation" : {
            "rating" : 9,
            "checkinCount" : 12812,
            "tipCount" : 89,
            "webSiteUrl" : "",
            "kSKOneBoxFilterDistanceKey" : 1705.539871376012,
            "type" : "Bars",
            "rankingIndex" : 1,
            "hereNowCount" : 0,
            "providerID" : 3,
            "foursquarePOIUrl" : "https:\/\/foursquare.com\/v\/Booha%7CBar\/4bae98fff964a52010c53be3",
            "distance" : 1708,
            "phoneNumber" : ""
          },
          "longitude" : 46.763693,
          "subLocality" : "",
          "latitude" : 46.763693,
          "type" : 1,
          "street" : "Str. Piezișă nr. 19",
          "administrativeArea" : "Cluj",
          "houseNumber" : "",
          "expected" : false,
          "postalCode" : "400371",
          "country" : "Romania",
          "name" : "Booha|Bar",
          "locality" : "Cluj-Napoca"
        },
        {
          "ISOcountryCode" : "RO",
          "relevancyType" : 2,
          "administrativeAreaCode" : "",
          "uid" : "4e68bc75d4c0c570906d526f",
          "subAdministrativeArea" : "",
          "topResult" : 0,
          "additionalInformation" : {
            "rating" : 8.800000000000001,
            "checkinCount" : 12402,
            "tipCount" : 110,
            "webSiteUrl" : "",
            "kSKOneBoxFilterDistanceKey" : 721.3344443186205,
            "type" : "Bars",
            "rankingIndex" : 2,
            "hereNowCount" : 1,
            "providerID" : 3,
            "foursquarePOIUrl" : "https:\/\/foursquare.com\/v\/Shto%20College%20Bar\/4e68bc75d4c0c570906d526f",
            "distance" : 722,
            "phoneNumber" : ""
          },
          "longitude" : 46.769713,
          "subLocality" : "",
          "latitude" : 46.769713,
          "type" : 1,
          "street" : "Str. Memorandumului nr. 6",
          "administrativeArea" : "Cluj",
          "houseNumber" : "",
          "expected" : false,
          "postalCode" : "400500",
          "country" : "Romania",
          "name" : "Shto College Bar",
          "locality" : "Cluj-Napoca"
        },
        {
          "ISOcountryCode" : "RO",
          "relevancyType" : 2,
          "administrativeAreaCode" : "",
          "uid" : "525ebaff11d243acf31e9c3d",
          "subAdministrativeArea" : "",
          "topResult" : 0,
          "additionalInformation" : {
            "rating" : 8.199999999999999,
            "checkinCount" : 2003,
            "tipCount" : 14,
            "webSiteUrl" : "",
            "kSKOneBoxFilterDistanceKey" : 611.2037788018678,
            "type" : "Bars",
            "rankingIndex" : 3,
            "hereNowCount" : 0,
            "providerID" : 3,
            "foursquarePOIUrl" : "https:\/\/foursquare.com\/v\/Yolka\/525ebaff11d243acf31e9c3d",
            "distance" : 612,
            "phoneNumber" : ""
          },
          "longitude" : 46.770291,
          "subLocality" : "",
          "latitude" : 46.770291,
          "type" : 1,
          "street" : "Piata Unirii nr. 21",
          "administrativeArea" : "Cluj",
          "houseNumber" : "",
          "expected" : true,
          "postalCode" : "",
          "country" : "Romania",
          "name" : "Yolka",
          "locality" : "Cluj-Napoca"
        },
        {
          "ISOcountryCode" : "RO",
          "relevancyType" : 2,
          "administrativeAreaCode" : "",
          "uid" : "4cdd826a930af04da2a09697",
          "subAdministrativeArea" : "",
          "topResult" : 0,
          "additionalInformation" : {
            "rating" : 8.199999999999999,
            "checkinCount" : 4335,
            "tipCount" : 23,
            "webSiteUrl" : "http:\/\/clujnights.ro\/klausen-cafe",
            "kSKOneBoxFilterDistanceKey" : 618.0427892297232,
            "type" : "Bars",
            "rankingIndex" : 4,
            "hereNowCount" : 0,
            "providerID" : 3,
            "foursquarePOIUrl" : "https:\/\/foursquare.com\/v\/Klausen%20The%20Pub\/4cdd826a930af04da2a09697",
            "distance" : 619,
            "phoneNumber" : ""
          },
          "longitude" : 46.771021,
          "subLocality" : "",
          "latitude" : 46.771021,
          "type" : 1,
          "street" : "Str. Georges Clemenceanu nr. 1",
          "administrativeArea" : "Cluj",
          "houseNumber" : "",
          "expected" : true,
          "postalCode" : "400021",
          "country" : "Romania",
          "name" : "Klausen The Pub",
          "locality" : "Cluj-Napoca"
        },
        {
          "ISOcountryCode" : "RO",
          "relevancyType" : 2,
          "administrativeAreaCode" : "",
          "uid" : "532c8c48498eb9a7f0f5e3e4",
          "subAdministrativeArea" : "",
          "topResult" : 0,
          "additionalInformation" : {
            "rating" : 8.1,
            "checkinCount" : 808,
            "tipCount" : 2,
            "webSiteUrl" : "",
            "kSKOneBoxFilterDistanceKey" : 550.8653292057542,
            "type" : "Bars",
            "rankingIndex" : 5,
            "hereNowCount" : 0,
            "providerID" : 3,
            "foursquarePOIUrl" : "https:\/\/foursquare.com\/v\/Soul%20caffe%20&%20pub\/532c8c48498eb9a7f0f5e3e4",
            "distance" : 551,
            "phoneNumber" : ""
          },
          "longitude" : 46.771337,
          "subLocality" : "",
          "latitude" : 46.771337,
          "type" : 1,
          "street" : "vasile goldis 4",
          "administrativeArea" : "Cluj",
          "houseNumber" : "",
          "expected" : true,
          "postalCode" : "",
          "country" : "Romania",
          "name" : "Soul caffe & pub",
          "locality" : "Cluj-Napoca"
        },
        {
          "ISOcountryCode" : "RO",
          "relevancyType" : 2,
          "administrativeAreaCode" : "",
          "uid" : "5082d3fde4b082d3b121a68d",
          "subAdministrativeArea" : "",
          "topResult" : 0,
          "additionalInformation" : {
            "rating" : 7.7,
            "checkinCount" : 4712,
            "tipCount" : 30,
            "webSiteUrl" : "",
            "kSKOneBoxFilterDistanceKey" : 1138.931231782011,
            "type" : "Bars",
            "rankingIndex" : 6,
            "hereNowCount" : 1,
            "providerID" : 3,
            "foursquarePOIUrl" : "https:\/\/foursquare.com\/v\/Chelsea%20English%20Bar\/5082d3fde4b082d3b121a68d",
            "distance" : 1140,
            "phoneNumber" : ""
          },
          "longitude" : 46.767522,
          "subLocality" : "",
          "latitude" : 46.767522,
          "type" : 1,
          "street" : "Str. Constantin Brâncuși nr. 2",
          "administrativeArea" : "Cluj",
          "houseNumber" : "",
          "expected" : true,
          "postalCode" : "400462",
          "country" : "Romania",
          "name" : "Chelsea English Bar",
          "locality" : "Cluj-Napoca"
        },
        {
          "ISOcountryCode" : "RO",
          "relevancyType" : 2,
          "administrativeAreaCode" : "",
          "uid" : "4ca2276a750ca0937af30d67",
          "subAdministrativeArea" : "",
          "topResult" : 0,
          "additionalInformation" : {
            "rating" : 7.7,
            "checkinCount" : 1948,
            "tipCount" : 8,
            "webSiteUrl" : "",
            "kSKOneBoxFilterDistanceKey" : 835.9140190952164,
            "type" : "Bars",
            "rankingIndex" : 7,
            "hereNowCount" : 0,
            "providerID" : 3,
            "foursquarePOIUrl" : "https:\/\/foursquare.com\/v\/Instinct%20Cafe%20Bar\/4ca2276a750ca0937af30d67",
            "distance" : 837,
            "phoneNumber" : ""
          },
          "longitude" : 46.769733,
          "subLocality" : "",
          "latitude" : 46.769733,
          "type" : 1,
          "street" : "Sindicatelor 4",
          "administrativeArea" : "Cluj",
          "houseNumber" : "",
          "expected" : true,
          "postalCode" : "",
          "country" : "Romania",
          "name" : "Instinct Cafe Bar",
          "locality" : "Cluj-Napoca"
        },
        {
          "ISOcountryCode" : "RO",
          "relevancyType" : 2,
          "administrativeAreaCode" : "",
          "uid" : "4e614283b993678bb5d6f37d",
          "subAdministrativeArea" : "",
          "topResult" : 0,
          "additionalInformation" : {
            "rating" : 7.5,
            "checkinCount" : 3495,
            "tipCount" : 12,
            "webSiteUrl" : "",
            "kSKOneBoxFilterDistanceKey" : 2018.300590222062,
            "type" : "Bars",
            "rankingIndex" : 8,
            "hereNowCount" : 0,
            "providerID" : 3,
            "foursquarePOIUrl" : "https:\/\/foursquare.com\/v\/PHI18%20-%20Students'%20Club%20&%20Cafe\/4e614283b993678bb5d6f37d",
            "distance" : 2021,
            "phoneNumber" : ""
          },
          "longitude" : 46.757193,
          "subLocality" : "",
          "latitude" : 46.757193,
          "type" : 1,
          "street" : "Str. Republicii nr. 110",
          "administrativeArea" : "Cluj",
          "houseNumber" : "",
          "expected" : true,
          "postalCode" : "400489",
          "country" : "Romania",
          "name" : "PHI18 - Students' Club & Cafe",
          "locality" : "Cluj-Napoca"
        },
        {
          "ISOcountryCode" : "RO",
          "relevancyType" : 2,
          "administrativeAreaCode" : "",
          "uid" : "4ea59dc5a17c50a15d1977ae",
          "subAdministrativeArea" : "",
          "topResult" : 0,
          "additionalInformation" : {
            "rating" : 7.4,
            "checkinCount" : 1289,
            "tipCount" : 17,
            "webSiteUrl" : "",
            "kSKOneBoxFilterDistanceKey" : 810.250936104227,
            "type" : "Bars",
            "rankingIndex" : 9,
            "hereNowCount" : 0,
            "providerID" : 3,
            "foursquarePOIUrl" : "https:\/\/foursquare.com\/v\/Cafe%20Papillon\/4ea59dc5a17c50a15d1977ae",
            "distance" : 811,
            "phoneNumber" : ""
          },
          "longitude" : 46.769859,
          "subLocality" : "",
          "latitude" : 46.769859,
          "type" : 1,
          "street" : "Str. Emil Isac nr. 9",
          "administrativeArea" : "Cluj",
          "houseNumber" : "",
          "expected" : true,
          "postalCode" : "400023",
          "country" : "Romania",
          "name" : "Cafe Papillon",
          "locality" : "Cluj-Napoca"
        },
        {
          "ISOcountryCode" : "RO",
          "relevancyType" : 2,
          "administrativeAreaCode" : "",
          "uid" : "4b845c77f964a520cc3031e3",
          "subAdministrativeArea" : "",
          "topResult" : 0,
          "additionalInformation" : {
            "rating" : 7.3,
            "checkinCount" : 3852,
            "tipCount" : 25,
            "webSiteUrl" : "http:\/\/insomniacafecluj.blogspot.ro",
            "kSKOneBoxFilterDistanceKey" : 817.8300956421027,
            "type" : "Bars",
            "rankingIndex" : 10,
            "hereNowCount" : 0,
            "providerID" : 3,
            "foursquarePOIUrl" : "https:\/\/foursquare.com\/v\/Insomnia\/4b845c77f964a520cc3031e3",
            "distance" : 819,
            "phoneNumber" : ""
          },
          "longitude" : 46.768088,
          "subLocality" : "",
          "latitude" : 46.768088,
          "type" : 1,
          "street" : "Str. Universității nr. 2",
          "administrativeArea" : "Cluj",
          "houseNumber" : "",
          "expected" : true,
          "postalCode" : "",
          "country" : "Romania",
          "name" : "Insomnia",
          "locality" : "Cluj-Napoca"
        },
        {
          "ISOcountryCode" : "RO",
          "relevancyType" : 2,
          "administrativeAreaCode" : "",
          "uid" : "4c2bb8c157a9c9b63e5cf667",
          "subAdministrativeArea" : "",
          "topResult" : 0,
          "additionalInformation" : {
            "rating" : 7.2,
            "checkinCount" : 2262,
            "tipCount" : 13,
            "webSiteUrl" : "http:\/\/hardclub.ro",
            "kSKOneBoxFilterDistanceKey" : 2016.370208191226,
            "type" : "Bars",
            "rankingIndex" : 11,
            "hereNowCount" : 0,
            "providerID" : 3,
            "foursquarePOIUrl" : "https:\/\/foursquare.com\/v\/Hard%20Club\/4c2bb8c157a9c9b63e5cf667",
            "distance" : 2019,
            "phoneNumber" : ""
          },
          "longitude" : 46.75721,
          "subLocality" : "",
          "latitude" : 46.75721,
          "type" : 1,
          "street" : "Str. Republicii nr. 110",
          "administrativeArea" : "Cluj",
          "houseNumber" : "",
          "expected" : true,
          "postalCode" : "400489",
          "country" : "Romania",
          "name" : "Hard Club",
          "locality" : "Cluj-Napoca"
        },
        {
          "ISOcountryCode" : "RO",
          "relevancyType" : 2,
          "administrativeAreaCode" : "",
          "uid" : "52e79d6411d20fa1d30d041b",
          "subAdministrativeArea" : "",
          "topResult" : 0,
          "additionalInformation" : {
            "rating" : 7.1,
            "checkinCount" : 3001,
            "tipCount" : 14,
            "webSiteUrl" : "",
            "kSKOneBoxFilterDistanceKey" : 1720.497351014142,
            "type" : "Bars",
            "rankingIndex" : 12,
            "hereNowCount" : 0,
            "providerID" : 3,
            "foursquarePOIUrl" : "https:\/\/foursquare.com\/v\/Rehab%20College%20Bar\/52e79d6411d20fa1d30d041b",
            "distance" : 1723,
            "phoneNumber" : ""
          },
          "longitude" : 46.763524,
          "subLocality" : "",
          "latitude" : 46.763524,
          "type" : 1,
          "street" : "Str. Piezisa nr. 23",
          "administrativeArea" : "Cluj",
          "houseNumber" : "",
          "expected" : true,
          "postalCode" : "400371",
          "country" : "Romania",
          "name" : "Rehab College Bar",
          "locality" : "Cluj-Napoca"
        },
        {
          "ISOcountryCode" : "RO",
          "relevancyType" : 2,
          "administrativeAreaCode" : "",
          "uid" : "4e04f86ad164d203603fff45",
          "subAdministrativeArea" : "",
          "topResult" : 0,
          "additionalInformation" : {
            "rating" : 8.9,
            "checkinCount" : 1075,
            "tipCount" : 11,
            "webSiteUrl" : "",
            "kSKOneBoxFilterDistanceKey" : 78191.27347499308,
            "type" : "Bars",
            "rankingIndex" : 13,
            "hereNowCount" : 0,
            "providerID" : 3,
            "foursquarePOIUrl" : "https:\/\/foursquare.com\/v\/J'ai%20Bistrot\/4e04f86ad164d203603fff45",
            "distance" : 78322,
            "phoneNumber" : ""
          },
          "longitude" : 46.552041,
          "subLocality" : "",
          "latitude" : 46.552041,
          "type" : 1,
          "street" : "Piața Mărășești nr. 6",
          "administrativeArea" : "Mureș",
          "houseNumber" : "",
          "expected" : true,
          "postalCode" : "",
          "country" : "Romania",
          "name" : "J'ai Bistrot",
          "locality" : "Târgu Mureș"
        },
        {
          "ISOcountryCode" : "RO",
          "relevancyType" : 2,
          "administrativeAreaCode" : "",
          "uid" : "4d8e41b8cb9b224b2b4b8041",
          "subAdministrativeArea" : "",
          "topResult" : 0,
          "additionalInformation" : {
            "rating" : 8.4,
            "checkinCount" : 291,
            "tipCount" : 3,
            "webSiteUrl" : "",
            "kSKOneBoxFilterDistanceKey" : 78433.90732277134,
            "type" : "Bars",
            "rankingIndex" : 14,
            "hereNowCount" : 0,
            "providerID" : 3,
            "foursquarePOIUrl" : "https:\/\/foursquare.com\/v\/La%20Pas\/4d8e41b8cb9b224b2b4b8041",
            "distance" : 78565,
            "phoneNumber" : ""
          },
          "longitude" : 46.069688,
          "subLocality" : "",
          "latitude" : 46.069688,
          "type" : 1,
          "street" : "Str. Ecaterina Varga",
          "administrativeArea" : "",
          "houseNumber" : "",
          "expected" : true,
          "postalCode" : "",
          "country" : "Romania",
          "name" : "La Pas",
          "locality" : ""
        },
        {
          "ISOcountryCode" : "RO",
          "relevancyType" : 2,
          "administrativeAreaCode" : "",
          "uid" : "4fe1447de4b0bfba62a3bffb",
          "subAdministrativeArea" : "",
          "topResult" : 0,
          "additionalInformation" : {
            "rating" : 7.6,
            "checkinCount" : 630,
            "tipCount" : 1,
            "webSiteUrl" : "",
            "kSKOneBoxFilterDistanceKey" : 52805.52987309092,
            "type" : "Bars",
            "rankingIndex" : 15,
            "hereNowCount" : 0,
            "providerID" : 3,
            "foursquarePOIUrl" : "https:\/\/foursquare.com\/v\/Flora\/4fe1447de4b0bfba62a3bffb",
            "distance" : 52893,
            "phoneNumber" : ""
          },
          "longitude" : 46.308218,
          "subLocality" : "",
          "latitude" : 46.308218,
          "type" : 1,
          "street" : "Piața Cuza Vodă",
          "administrativeArea" : "Alba",
          "houseNumber" : "",
          "expected" : true,
          "postalCode" : "515200",
          "country" : "Romania",
          "name" : "Flora",
          "locality" : "Aiud"
        },
        {
          "ISOcountryCode" : "RO",
          "relevancyType" : 2,
          "administrativeAreaCode" : "",
          "uid" : "546b425f498e1784114e5824",
          "subAdministrativeArea" : "",
          "topResult" : 0,
          "additionalInformation" : {
            "rating" : 8.1,
            "checkinCount" : 197,
            "tipCount" : 1,
            "webSiteUrl" : "",
            "kSKOneBoxFilterDistanceKey" : 78739.26350830059,
            "type" : "Bars",
            "rankingIndex" : 16,
            "hereNowCount" : 0,
            "providerID" : 3,
            "foursquarePOIUrl" : "https:\/\/foursquare.com\/v\/LaFrog\/546b425f498e1784114e5824",
            "distance" : 78871,
            "phoneNumber" : ""
          },
          "longitude" : 46.553399,
          "subLocality" : "",
          "latitude" : 46.553399,
          "type" : 1,
          "street" : "",
          "administrativeArea" : "",
          "houseNumber" : "",
          "expected" : true,
          "postalCode" : "",
          "country" : "Romania",
          "name" : "LaFrog",
          "locality" : ""
        },
        {
          "ISOcountryCode" : "RO",
          "relevancyType" : 2,
          "administrativeAreaCode" : "",
          "uid" : "4c702f7c344437045c58235f",
          "subAdministrativeArea" : "",
          "topResult" : 0,
          "additionalInformation" : {
            "rating" : 8.800000000000001,
            "checkinCount" : 1972,
            "tipCount" : 19,
            "webSiteUrl" : "http:\/\/barbarossabm.ro",
            "kSKOneBoxFilterDistanceKey" : 98327.98757205179,
            "type" : "Bars",
            "rankingIndex" : 17,
            "hereNowCount" : 0,
            "providerID" : 3,
            "foursquarePOIUrl" : "https:\/\/foursquare.com\/v\/Barbarossa\/4c702f7c344437045c58235f",
            "distance" : 98492,
            "phoneNumber" : ""
          },
          "longitude" : 47.660064,
          "subLocality" : "",
          "latitude" : 47.660064,
          "type" : 1,
          "street" : "Piața Libertății, nr. 12",
          "administrativeArea" : "Maramureş",
          "houseNumber" : "",
          "expected" : true,
          "postalCode" : "",
          "country" : "Romania",
          "name" : "Barbarossa",
          "locality" : "Baia Mare"
        },
        {
          "ISOcountryCode" : "RO",
          "relevancyType" : 2,
          "administrativeAreaCode" : "",
          "uid" : "4bbf432298f495212f51d263",
          "subAdministrativeArea" : "",
          "topResult" : 0,
          "additionalInformation" : {
            "rating" : 6.7,
            "checkinCount" : 5426,
            "tipCount" : 31,
            "webSiteUrl" : "",
            "kSKOneBoxFilterDistanceKey" : 540.9173806594735,
            "type" : "Bars",
            "rankingIndex" : 18,
            "hereNowCount" : 0,
            "providerID" : 3,
            "foursquarePOIUrl" : "https:\/\/foursquare.com\/v\/Shadow\/4bbf432298f495212f51d263",
            "distance" : 541,
            "phoneNumber" : ""
          },
          "longitude" : 46.771482,
          "subLocality" : "",
          "latitude" : 46.771482,
          "type" : 1,
          "street" : "Str. Vasile Goldiș nr. 1",
          "administrativeArea" : "Cluj",
          "houseNumber" : "",
          "expected" : true,
          "postalCode" : "400112",
          "country" : "Romania",
          "name" : "Shadow",
          "locality" : "Cluj-Napoca"
        },
        {
          "ISOcountryCode" : "RO",
          "relevancyType" : 2,
          "administrativeAreaCode" : "",
          "uid" : "4e1631ab62e1ccb502424ad1",
          "subAdministrativeArea" : "",
          "topResult" : 0,
          "additionalInformation" : {
            "rating" : 6.7,
            "checkinCount" : 3118,
            "tipCount" : 16,
            "webSiteUrl" : "http:\/\/www.janis.ro",
            "kSKOneBoxFilterDistanceKey" : 599.8750007888747,
            "type" : "Bars",
            "rankingIndex" : 19,
            "hereNowCount" : 0,
            "providerID" : 3,
            "foursquarePOIUrl" : "https:\/\/foursquare.com\/v\/Biblioteca%20Central%C4%83%20Janis\/4e1631ab62e1ccb502424ad1",
            "distance" : 600,
            "phoneNumber" : ""
          },
          "longitude" : 46.770499,
          "subLocality" : "",
          "latitude" : 46.770499,
          "type" : 1,
          "street" : "Piața Unirii nr. 19",
          "administrativeArea" : "Cluj",
          "houseNumber" : "",
          "expected" : true,
          "postalCode" : "400113",
          "country" : "Romania",
          "name" : "Biblioteca Centrală Janis",
          "locality" : "Cluj-Napoca"
        },
        {
          "ISOcountryCode" : "RO",
          "relevancyType" : 2,
          "administrativeAreaCode" : "",
          "uid" : "4d893ab026a36ea84f0fdcad",
          "subAdministrativeArea" : "",
          "topResult" : 0,
          "additionalInformation" : {
            "rating" : 7.8,
            "checkinCount" : 867,
            "tipCount" : 1,
            "webSiteUrl" : "http:\/\/www.anytimeclub.ro",
            "kSKOneBoxFilterDistanceKey" : 79210.64047584566,
            "type" : "Bars",
            "rankingIndex" : 20,
            "hereNowCount" : 0,
            "providerID" : 3,
            "foursquarePOIUrl" : "https:\/\/foursquare.com\/v\/Anytime\/4d893ab026a36ea84f0fdcad",
            "distance" : 79343,
            "phoneNumber" : ""
          },
          "longitude" : 47.131715,
          "subLocality" : "",
          "latitude" : 47.131715,
          "type" : 1,
          "street" : "Str. Piața Centrală nr. 1",
          "administrativeArea" : "Bistrița-Năsăud",
          "houseNumber" : "",
          "expected" : true,
          "postalCode" : "420040",
          "country" : "Romania",
          "name" : "Anytime",
          "locality" : "Bistrița"
        }
      ]
    },
    {
      "providerId" : 4,
      "providerName" : "TripAdvisor",
      "results" : [
        {
          "ISOcountryCode" : "",
          "relevancyType" : 1,
          "administrativeAreaCode" : "",
          "uid" : "",
          "subAdministrativeArea" : "",
          "topResult" : 0,
          "additionalInformation" : {
            "rating" : 4,
            "reviewCount" : 310,
            "onelineAddress" : "Cluj-Napoca, Cluj County, Northwest Romania, Transylvania",
            "poiUrl" : "http:\/\/www.tripadvisor.com\/Restaurant_Review-g298474-d1995304-Reviews-m17310-Baracca-Cluj_Napoca_Cluj_County_Northwest_Romania_Transylvania.html",
            "kSKOneBoxFilterDistanceKey" : 833.4107546883214,
            "ranking" : "#8 of 216 restaurants in Cluj-Napoca",
            "rankingIndex" : 1,
            "price" : "$14 - $35",
            "imageURL" : "http:\/\/media-cdn.tripadvisor.com\/media\/photo-s\/02\/4a\/4a\/39\/interior-baracca.jpg",
            "providerID" : 4,
            "rawRanking" : 3.91,
            "distance" : 830,
            "thumbnailImageURL" : "http:\/\/media-cdn.tripadvisor.com\/media\/photo-s\/02\/4a\/4a\/39\/interior-baracca.jpg"
          },
          "longitude" : 46.76824,
          "subLocality" : "",
          "latitude" : 46.76824,
          "type" : 1,
          "street" : "",
          "administrativeArea" : "",
          "houseNumber" : "",
          "expected" : true,
          "postalCode" : "",
          "country" : "",
          "name" : "Baracca",
          "locality" : ""
        }
      ]
    }
  ],
  "searchTerm" : "bara",
  "searchLanguage" : "en",
  "latitude" : 46.77531433104646,
  "radius" : 10000
}