{
  "longitude" : 13.38889268626676,
  "results" : [
    {
      "providerId" : 5,
      "providerName" : "Apple",
      "results" : [
        {
          "ISOcountryCode" : "DE",
          "relevancyType" : 1,
          "administrativeAreaCode" : "",
          "uid" : "",
          "subAdministrativeArea" : "Berlin",
          "topResult" : 0,
          "additionalInformation" : {
            "kSKOneBoxFilterDistanceKey" : 4484.538008195446,
            "rankingIndex" : 1
          },
          "longitude" : 13.327482,
          "subLocality" : "Ku'damm",
          "latitude" : 52.501631,
          "type" : 1,
          "street" : "Fasanenstraße",
          "administrativeArea" : "Berlin",
          "houseNumber" : "71",
          "expected" : true,
          "postalCode" : "10719",
          "country" : "Germany",
          "name" : "Fasanenstraße 71",
          "locality" : "Berlin"
        }
      ]
    },
    {
      "providerId" : 1,
      "providerName" : "OpenStreetMap",
      "results" : [

      ]
    },
    {
      "providerId" : 6,
      "providerName" : "Telenav",
      "results" : [

      ]
    },
    {
      "providerId" : 2,
      "providerName" : "Recents",
      "results" : [

      ]
    },
    {
      "providerId" : 11,
      "providerName" : "Yelp",
      "results" : [

      ]
    },
    {
      "providerId" : 16,
      "providerName" : "Google",
      "results" : [
        {
          "ISOcountryCode" : "",
          "relevancyType" : 1,
          "administrativeAreaCode" : "",
          "uid" : "ChIJz_Dk3_tQqEcRdjFLA0Az6DY",
          "subAdministrativeArea" : "",
          "topResult" : 0,
          "additionalInformation" : {
            "ranking" : 0,
            "kSKOneBoxFilterDistanceKey" : 4474.951913404726,
            "providerID" : 15,
            "onelineAddress" : "Fasanenstraße 71, Berlin",
            "rankingIndex" : 1
          },
          "longitude" : 13.327629,
          "subLocality" : "",
          "latitude" : 52.50164,
          "type" : 1,
          "street" : "",
          "administrativeArea" : "",
          "houseNumber" : "",
          "expected" : true,
          "postalCode" : "",
          "country" : "",
          "name" : "Linckersdorff GmbH",
          "locality" : ""
        },
        {
          "ISOcountryCode" : "DE",
          "relevancyType" : 1,
          "administrativeAreaCode" : "NRW",
          "uid" : "",
          "subAdministrativeArea" : "",
          "topResult" : 0,
          "additionalInformation" : {
            "providerID" : 14,
            "rankingIndex" : 2,
            "kSKOneBoxFilterDistanceKey" : 341228.5805553679,
            "ranking" : 1
          },
          "longitude" : 8.464370000000001,
          "subLocality" : "",
          "latitude" : 51.93957,
          "type" : 0,
          "street" : "Fasanenweg",
          "administrativeArea" : "Nordrhein-Westfalen",
          "houseNumber" : "71",
          "expected" : true,
          "postalCode" : "33335",
          "country" : "Germany",
          "name" : "Fasanenweg 71, 33335 Gütersloh, Germany",
          "locality" : "Gütersloh"
        },
        {
          "ISOcountryCode" : "",
          "relevancyType" : 1,
          "administrativeAreaCode" : "",
          "uid" : "ChIJPVks3_tQqEcRuTk7vmlpyRI",
          "subAdministrativeArea" : "",
          "topResult" : 0,
          "additionalInformation" : {
            "ranking" : 2,
            "kSKOneBoxFilterDistanceKey" : 4474.256917538431,
            "providerID" : 15,
            "onelineAddress" : "Fasanenstraße 71, Berlin",
            "rankingIndex" : 3
          },
          "longitude" : 13.32762,
          "subLocality" : "",
          "latitude" : 52.50167,
          "type" : 1,
          "street" : "",
          "administrativeArea" : "",
          "houseNumber" : "",
          "expected" : true,
          "postalCode" : "",
          "country" : "",
          "name" : "Andre Houben",
          "locality" : ""
        },
        {
          "ISOcountryCode" : "DE",
          "relevancyType" : 1,
          "administrativeAreaCode" : "BY",
          "uid" : "",
          "subAdministrativeArea" : "",
          "topResult" : 0,
          "additionalInformation" : {
            "providerID" : 14,
            "rankingIndex" : 4,
            "kSKOneBoxFilterDistanceKey" : 509258.3583959499,
            "ranking" : 3
          },
          "longitude" : 11.60793,
          "subLocality" : "",
          "latitude" : 48.07749,
          "type" : 0,
          "street" : "Fasanenstraße",
          "administrativeArea" : "Bayern",
          "houseNumber" : "71",
          "expected" : true,
          "postalCode" : "82008",
          "country" : "Germany",
          "name" : "Fasanenstraße 71, 82008 Unterhaching, Germany",
          "locality" : "Unterhaching"
        },
        {
          "ISOcountryCode" : "",
          "relevancyType" : 1,
          "administrativeAreaCode" : "",
          "uid" : "ChIJz_Dk3_tQqEcR9GeL_0oZWCI",
          "subAdministrativeArea" : "",
          "topResult" : 0,
          "additionalInformation" : {
            "ranking" : 4,
            "kSKOneBoxFilterDistanceKey" : 4474.256917538431,
            "providerID" : 15,
            "onelineAddress" : "Fasanenstraße 71, Berlin",
            "rankingIndex" : 5
          },
          "longitude" : 13.32762,
          "subLocality" : "",
          "latitude" : 52.50167,
          "type" : 1,
          "street" : "",
          "administrativeArea" : "",
          "houseNumber" : "",
          "expected" : true,
          "postalCode" : "",
          "country" : "",
          "name" : "Meister Camera e.K.",
          "locality" : ""
        },
        {
          "ISOcountryCode" : "DE",
          "relevancyType" : 1,
          "administrativeAreaCode" : "Berlin",
          "uid" : "",
          "subAdministrativeArea" : "",
          "topResult" : 0,
          "additionalInformation" : {
            "providerID" : 14,
            "rankingIndex" : 6,
            "kSKOneBoxFilterDistanceKey" : 4474.256917538431,
            "ranking" : 5
          },
          "longitude" : 13.32762,
          "subLocality" : "",
          "latitude" : 52.50167,
          "type" : 0,
          "street" : "Fasanenstraße",
          "administrativeArea" : "Berlin",
          "houseNumber" : "71",
          "expected" : true,
          "postalCode" : "10719",
          "country" : "Germany",
          "name" : "Fasanenstraße 71, 10719 Berlin, Germany",
          "locality" : "Berlin"
        }
      ]
    },
    {
      "providerId" : 3,
      "providerName" : "Foursqare",
      "results" : [
        {
          "ISOcountryCode" : "DE",
          "relevancyType" : 1,
          "administrativeAreaCode" : "",
          "uid" : "4ecce5da722eff7ffec47b15",
          "subAdministrativeArea" : "",
          "topResult" : 0,
          "additionalInformation" : {
            "rating" : 8.699999999999999,
            "checkinCount" : 132,
            "tipCount" : 3,
            "webSiteUrl" : "http:\/\/www.oukan.de",
            "kSKOneBoxFilterDistanceKey" : 633.0292558893741,
            "type" : "Accessories Store",
            "rankingIndex" : 1,
            "hereNowCount" : 0,
            "providerID" : 3,
            "foursquarePOIUrl" : "https:\/\/foursquare.com\/v\/Oukan\/4ecce5da722eff7ffec47b15",
            "distance" : 634,
            "phoneNumber" : ""
          },
          "longitude" : 13.387732,
          "subLocality" : "",
          "latitude" : 52.511189,
          "type" : 1,
          "street" : "Kronenstr. 71",
          "administrativeArea" : "Berlin",
          "houseNumber" : "",
          "expected" : true,
          "postalCode" : "10117",
          "country" : "Germany",
          "name" : "Oukan",
          "locality" : "Berlin"
        },
        {
          "ISOcountryCode" : "DE",
          "relevancyType" : 1,
          "administrativeAreaCode" : "",
          "uid" : "4bb0fc98f964a5205d703ce3",
          "subAdministrativeArea" : "",
          "topResult" : 0,
          "additionalInformation" : {
            "rating" : 0,
            "checkinCount" : 121,
            "tipCount" : 1,
            "webSiteUrl" : "",
            "kSKOneBoxFilterDistanceKey" : 4550.159017819058,
            "type" : "Street",
            "rankingIndex" : 2,
            "hereNowCount" : 0,
            "providerID" : 3,
            "foursquarePOIUrl" : "https:\/\/foursquare.com\/v\/Fasanenstra%C3%9Fe\/4bb0fc98f964a5205d703ce3",
            "distance" : 4557,
            "phoneNumber" : ""
          },
          "longitude" : 13.327103,
          "subLocality" : "",
          "latitude" : 52.500654,
          "type" : 1,
          "street" : "Fasanenstr.",
          "administrativeArea" : "Berlin",
          "houseNumber" : "",
          "expected" : true,
          "postalCode" : "10623",
          "country" : "Germany",
          "name" : "Fasanenstraße",
          "locality" : "Berlin"
        },
        {
          "ISOcountryCode" : "DE",
          "relevancyType" : 1,
          "administrativeAreaCode" : "",
          "uid" : "4d9972dadaec224b3ae55f3e",
          "subAdministrativeArea" : "",
          "topResult" : 0,
          "additionalInformation" : {
            "rating" : 0,
            "checkinCount" : 3,
            "tipCount" : 0,
            "webSiteUrl" : "",
            "kSKOneBoxFilterDistanceKey" : 4580.220061038091,
            "type" : "Office",
            "rankingIndex" : 3,
            "hereNowCount" : 0,
            "providerID" : 3,
            "foursquarePOIUrl" : "https:\/\/foursquare.com\/v\/Fasanenstr.%2033\/4d9972dadaec224b3ae55f3e",
            "distance" : 4587,
            "phoneNumber" : ""
          },
          "longitude" : 13.327126,
          "subLocality" : "",
          "latitude" : 52.499951,
          "type" : 1,
          "street" : "Fasanenstr. 33",
          "administrativeArea" : "Berlin",
          "houseNumber" : "",
          "expected" : true,
          "postalCode" : "10719",
          "country" : "Germany",
          "name" : "Fasanenstr. 33",
          "locality" : "Berlin"
        },
        {
          "ISOcountryCode" : "DE",
          "relevancyType" : 1,
          "administrativeAreaCode" : "",
          "uid" : "5120eb9ce4b00ebafe748a89",
          "subAdministrativeArea" : "",
          "topResult" : 0,
          "additionalInformation" : {
            "rating" : 0,
            "checkinCount" : 37,
            "tipCount" : 0,
            "webSiteUrl" : "http:\/\/www.berlin-airport.de",
            "kSKOneBoxFilterDistanceKey" : 7667.909388748489,
            "type" : "Airport Gate",
            "rankingIndex" : 4,
            "hereNowCount" : 0,
            "providerID" : 3,
            "foursquarePOIUrl" : "https:\/\/foursquare.com\/v\/Gate%2071\/5120eb9ce4b00ebafe748a89",
            "distance" : 7680,
            "phoneNumber" : ""
          },
          "longitude" : 13.291611,
          "subLocality" : "",
          "latitude" : 52.552324,
          "type" : 1,
          "street" : "Terminal D",
          "administrativeArea" : "Berlin",
          "houseNumber" : "",
          "expected" : true,
          "postalCode" : "13405",
          "country" : "Germany",
          "name" : "Gate 71",
          "locality" : "Berlin"
        },
        {
          "ISOcountryCode" : "DE",
          "relevancyType" : 1,
          "administrativeAreaCode" : "",
          "uid" : "4dda0c39d1647fcf3e88fbe2",
          "subAdministrativeArea" : "",
          "topResult" : 0,
          "additionalInformation" : {
            "rating" : 0,
            "checkinCount" : 585,
            "tipCount" : 0,
            "webSiteUrl" : "",
            "kSKOneBoxFilterDistanceKey" : 453.5801540814198,
            "type" : "Government Building",
            "rankingIndex" : 5,
            "hereNowCount" : 0,
            "providerID" : 3,
            "foursquarePOIUrl" : "https:\/\/foursquare.com\/v\/Unter%20den%20Linden%2071%20Berlin\/4dda0c39d1647fcf3e88fbe2",
            "distance" : 454,
            "phoneNumber" : ""
          },
          "longitude" : 13.382197,
          "subLocality" : "",
          "latitude" : 52.516604,
          "type" : 1,
          "street" : "Unter den Linden 71",
          "administrativeArea" : "Berlin",
          "houseNumber" : "",
          "expected" : true,
          "postalCode" : "10117",
          "country" : "Germany",
          "name" : "Unter den Linden 71 Berlin",
          "locality" : "Berlin"
        },
        {
          "ISOcountryCode" : "DE",
          "relevancyType" : 1,
          "administrativeAreaCode" : "",
          "uid" : "505af679e4b03e4e737b8eda",
          "subAdministrativeArea" : "",
          "topResult" : 0,
          "additionalInformation" : {
            "rating" : 0,
            "checkinCount" : 33,
            "tipCount" : 0,
            "webSiteUrl" : "http:\/\/www.mvz-berlin-charlottenburg.de",
            "kSKOneBoxFilterDistanceKey" : 4485.56417654768,
            "type" : "Medical Center",
            "rankingIndex" : 6,
            "hereNowCount" : 0,
            "providerID" : 3,
            "foursquarePOIUrl" : "https:\/\/foursquare.com\/v\/Medizinisches%20Versorgungszentrum%20(MVZ)%20Charlottenburg\/505af679e4b03e4e737b8eda",
            "distance" : 4493,
            "phoneNumber" : ""
          },
          "longitude" : 13.325606,
          "subLocality" : "",
          "latitude" : 52.504777,
          "type" : 1,
          "street" : "Uhlandstr. 19",
          "administrativeArea" : "Berlin",
          "houseNumber" : "",
          "expected" : true,
          "postalCode" : "10623",
          "country" : "Germany",
          "name" : "Medizinisches Versorgungszentrum (MVZ) Charlottenburg",
          "locality" : "Berlin"
        },
        {
          "ISOcountryCode" : "DE",
          "relevancyType" : 1,
          "administrativeAreaCode" : "",
          "uid" : "52ff6ecd498e4f321db3f85c",
          "subAdministrativeArea" : "",
          "topResult" : 0,
          "additionalInformation" : {
            "rating" : 0,
            "checkinCount" : 138,
            "tipCount" : 0,
            "webSiteUrl" : "",
            "kSKOneBoxFilterDistanceKey" : 2084.000058370809,
            "type" : "Office",
            "rankingIndex" : 7,
            "hereNowCount" : 0,
            "providerID" : 3,
            "foursquarePOIUrl" : "https:\/\/foursquare.com\/v\/Studio71%20GmbH\/52ff6ecd498e4f321db3f85c",
            "distance" : 2087,
            "phoneNumber" : ""
          },
          "longitude" : 13.419217,
          "subLocality" : "",
          "latitude" : 52.513509,
          "type" : 1,
          "street" : "Rungestr. 22-24",
          "administrativeArea" : "Berlin",
          "houseNumber" : "",
          "expected" : true,
          "postalCode" : "",
          "country" : "Germany",
          "name" : "Studio71 GmbH",
          "locality" : "Berlin"
        }
      ]
    },
    {
      "providerId" : 4,
      "providerName" : "TripAdvisor",
      "results" : [

      ]
    }
  ],
  "searchTerm" : "fasanenstr 71",
  "searchLanguage" : "en",
  "latitude" : 52.5168411824128,
  "radius" : 10000
}