{
  "longitude" : 23.59202475862675,
  "results" : [
    {
      "providerId" : 5,
      "providerName" : "Apple",
      "results" : [
        {
          "ISOcountryCode" : "US",
          "relevancyType" : 1,
          "administrativeAreaCode" : "",
          "uid" : "",
          "subAdministrativeArea" : "San Diego",
          "topResult" : 0,
          "additionalInformation" : {
            "kSKOneBoxFilterDistanceKey" : 10335644.47265175,
            "rankingIndex" : 1
          },
          "longitude" : 32.732373382591,
          "subLocality" : "",
          "latitude" : 32.732373382591,
          "type" : 1,
          "street" : "N Harbor Dr",
          "administrativeArea" : "CA",
          "houseNumber" : "3225",
          "expected" : false,
          "postalCode" : "92101",
          "country" : "United States",
          "name" : "San Diego International Airport",
          "locality" : "San Diego"
        }
      ]
    },
    {
      "providerId" : 1,
      "providerName" : "OpenStreetMap",
      "results" : [
        {
          "ISOcountryCode" : "",
          "relevancyType" : 2,
          "administrativeAreaCode" : "",
          "uid" : "",
          "subAdministrativeArea" : "",
          "topResult" : 0,
          "additionalInformation" : {
            "providerID" : 1,
            "mainCategory" : 0,
            "category" : -1,
            "skMapsCategoryId" : 82,
            "rankingIndex" : 1,
            "kSKOneBoxFilterDistanceKey" : 8573641.488312054,
            "identifier" : 0
          },
          "longitude" : 12.90447521209717,
          "subLocality" : "",
          "latitude" : 12.90447521209717,
          "type" : 1,
          "street" : "",
          "administrativeArea" : "",
          "houseNumber" : "",
          "expected" : false,
          "postalCode" : "",
          "country" : "",
          "name" : "VC",
          "locality" : ""
        },
        {
          "ISOcountryCode" : "",
          "relevancyType" : 2,
          "administrativeAreaCode" : "",
          "uid" : "",
          "subAdministrativeArea" : "",
          "topResult" : 0,
          "additionalInformation" : {
            "providerID" : 1,
            "mainCategory" : 0,
            "category" : -1,
            "skMapsCategoryId" : 82,
            "rankingIndex" : 2,
            "kSKOneBoxFilterDistanceKey" : 923520.3778294859,
            "identifier" : 0
          },
          "longitude" : 43.94586563110352,
          "subLocality" : "",
          "latitude" : 43.94586563110352,
          "type" : 1,
          "street" : "",
          "administrativeArea" : "",
          "houseNumber" : "",
          "expected" : false,
          "postalCode" : "",
          "country" : "",
          "name" : "SM",
          "locality" : ""
        },
        {
          "ISOcountryCode" : "",
          "relevancyType" : 2,
          "administrativeAreaCode" : "",
          "uid" : "",
          "subAdministrativeArea" : "",
          "topResult" : 0,
          "additionalInformation" : {
            "providerID" : 1,
            "mainCategory" : 0,
            "category" : -1,
            "skMapsCategoryId" : 82,
            "rankingIndex" : 3,
            "kSKOneBoxFilterDistanceKey" : 8335457.292345494,
            "identifier" : 0
          },
          "longitude" : 17.34623527526855,
          "subLocality" : "",
          "latitude" : 17.34623527526855,
          "type" : 1,
          "street" : "",
          "administrativeArea" : "",
          "houseNumber" : "",
          "expected" : false,
          "postalCode" : "",
          "country" : "",
          "name" : "KN",
          "locality" : ""
        },
        {
          "ISOcountryCode" : "",
          "relevancyType" : 2,
          "administrativeAreaCode" : "",
          "uid" : "",
          "subAdministrativeArea" : "",
          "topResult" : 0,
          "additionalInformation" : {
            "providerID" : 1,
            "mainCategory" : 0,
            "category" : -1,
            "skMapsCategoryId" : 82,
            "rankingIndex" : 4,
            "kSKOneBoxFilterDistanceKey" : 8477806.937939974,
            "identifier" : 0
          },
          "longitude" : 13.82505798339844,
          "subLocality" : "",
          "latitude" : 13.82505798339844,
          "type" : 1,
          "street" : "",
          "administrativeArea" : "",
          "houseNumber" : "",
          "expected" : false,
          "postalCode" : "",
          "country" : "",
          "name" : "LC",
          "locality" : ""
        }
      ]
    },
    {
      "providerId" : 6,
      "providerName" : "Telenav",
      "results" : [
        {
          "ISOcountryCode" : "",
          "relevancyType" : 1,
          "administrativeAreaCode" : "",
          "uid" : "",
          "subAdministrativeArea" : "",
          "topResult" : 0,
          "additionalInformation" : {
            "providerID" : 6,
            "rankingIndex" : 1,
            "kSKOneBoxFilterDistanceKey" : 10335858.84551499
          },
          "longitude" : 32.72924,
          "subLocality" : "",
          "latitude" : 32.72924,
          "type" : 1,
          "street" : "N HARBOR DR",
          "administrativeArea" : "CA",
          "houseNumber" : "3225",
          "expected" : true,
          "postalCode" : "92101",
          "country" : "USA",
          "name" : "San Diego International Airport-Lindbergh Field",
          "locality" : "SAN DIEGO"
        }
      ]
    },
    {
      "providerId" : 2,
      "providerName" : "Recents",
      "results" : [

      ]
    },
    {
      "providerId" : 11,
      "providerName" : "Yelp",
      "results" : [

      ]
    },
    {
      "providerId" : 16,
      "providerName" : "Google",
      "results" : [
        {
          "ISOcountryCode" : "",
          "relevancyType" : 1,
          "administrativeAreaCode" : "",
          "uid" : "ChIJuS5X8dINSUcRInBy7WMv82k",
          "subAdministrativeArea" : "",
          "topResult" : 0,
          "additionalInformation" : {
            "ranking" : 0,
            "kSKOneBoxFilterDistanceKey" : 2210.584790411564,
            "providerID" : 15,
            "onelineAddress" : "Bloc OS 12, Apartament 25, Strada Observatorului 11, Cluj-Napoca",
            "rankingIndex" : 1
          },
          "longitude" : 46.755385,
          "subLocality" : "",
          "latitude" : 46.755385,
          "type" : 1,
          "street" : "",
          "administrativeArea" : "",
          "houseNumber" : "",
          "expected" : true,
          "postalCode" : "",
          "country" : "",
          "name" : "Bote San Clinique",
          "locality" : ""
        },
        {
          "ISOcountryCode" : "ML",
          "relevancyType" : 1,
          "administrativeAreaCode" : "Segou",
          "uid" : "",
          "subAdministrativeArea" : "",
          "topResult" : 0,
          "additionalInformation" : {
            "providerID" : 14,
            "rankingIndex" : 2,
            "kSKOneBoxFilterDistanceKey" : 4569609.461601245,
            "ranking" : 1
          },
          "longitude" : 13.294402,
          "subLocality" : "",
          "latitude" : 13.294402,
          "type" : 0,
          "street" : "",
          "administrativeArea" : "Segou",
          "houseNumber" : "",
          "expected" : false,
          "postalCode" : "",
          "country" : "Mali",
          "name" : "San, Mali",
          "locality" : "San"
        },
        {
          "ISOcountryCode" : "",
          "relevancyType" : 1,
          "administrativeAreaCode" : "",
          "uid" : "ChIJIzYJG88NSUcRBWyvMyDqfvM",
          "subAdministrativeArea" : "",
          "topResult" : 0,
          "additionalInformation" : {
            "ranking" : 2,
            "kSKOneBoxFilterDistanceKey" : 2963.334100650753,
            "providerID" : 15,
            "onelineAddress" : "Cal. Turzii, 203D, Cluj-Napoca, Cluj, Calea Turzii 203D, Cluj-Napoca",
            "rankingIndex" : 3
          },
          "longitude" : 46.748664,
          "subLocality" : "",
          "latitude" : 46.748664,
          "type" : 1,
          "street" : "",
          "administrativeArea" : "",
          "houseNumber" : "",
          "expected" : true,
          "postalCode" : "",
          "country" : "",
          "name" : "San Siro",
          "locality" : ""
        }
      ]
    },
    {
      "providerId" : 3,
      "providerName" : "Foursqare",
      "results" : [
        {
          "ISOcountryCode" : "RO",
          "relevancyType" : 1,
          "administrativeAreaCode" : "",
          "uid" : "5551b1a0498e1c4d641402b9",
          "subAdministrativeArea" : "",
          "topResult" : 0,
          "additionalInformation" : {
            "rating" : 0,
            "checkinCount" : 31,
            "tipCount" : 1,
            "webSiteUrl" : "",
            "kSKOneBoxFilterDistanceKey" : 232.9371711627826,
            "type" : "Sandwich Places",
            "rankingIndex" : 1,
            "hereNowCount" : 0,
            "providerID" : 3,
            "foursquarePOIUrl" : "https:\/\/foursquare.com\/v\/Lucas%20Super%20Sandwich\/5551b1a0498e1c4d641402b9",
            "distance" : 233,
            "phoneNumber" : ""
          },
          "longitude" : 46.77334,
          "subLocality" : "",
          "latitude" : 46.77334,
          "type" : 1,
          "street" : "Str. Tipografiei",
          "administrativeArea" : "Cluj",
          "houseNumber" : "",
          "expected" : true,
          "postalCode" : "",
          "country" : "Romania",
          "name" : "Lucas Super Sandwich",
          "locality" : "Cluj-Napoca"
        },
        {
          "ISOcountryCode" : "RO",
          "relevancyType" : 1,
          "administrativeAreaCode" : "",
          "uid" : "53300aae498e4d49560e8633",
          "subAdministrativeArea" : "",
          "topResult" : 0,
          "additionalInformation" : {
            "rating" : 6.1,
            "checkinCount" : 85,
            "tipCount" : 4,
            "webSiteUrl" : "http:\/\/www.lucassupersandwich.ro",
            "kSKOneBoxFilterDistanceKey" : 820.0613843997276,
            "type" : "Sandwich Places",
            "rankingIndex" : 2,
            "hereNowCount" : 0,
            "providerID" : 3,
            "foursquarePOIUrl" : "https:\/\/foursquare.com\/v\/Lucas%20Super%20Sandwich\/53300aae498e4d49560e8633",
            "distance" : 821,
            "phoneNumber" : ""
          },
          "longitude" : 46.768232,
          "subLocality" : "",
          "latitude" : 46.768232,
          "type" : 1,
          "street" : "str. Tipografiei",
          "administrativeArea" : "Cluj",
          "houseNumber" : "",
          "expected" : true,
          "postalCode" : "",
          "country" : "Romania",
          "name" : "Lucas Super Sandwich",
          "locality" : "Cluj-Napoca"
        },
        {
          "ISOcountryCode" : "RO",
          "relevancyType" : 1,
          "administrativeAreaCode" : "",
          "uid" : "4e42264da80925205551c4a3",
          "subAdministrativeArea" : "",
          "topResult" : 0,
          "additionalInformation" : {
            "rating" : 0,
            "checkinCount" : 134,
            "tipCount" : 1,
            "webSiteUrl" : "http:\/\/www.cnas.ro\/cascluj",
            "kSKOneBoxFilterDistanceKey" : 291.0195573196394,
            "type" : "Government Building",
            "rankingIndex" : 3,
            "hereNowCount" : 0,
            "providerID" : 3,
            "foursquarePOIUrl" : "https:\/\/foursquare.com\/v\/Casa%20de%20Asigur%C4%83ri%20de%20S%C4%83n%C4%83tate%20Cluj\/4e42264da80925205551c4a3",
            "distance" : 291,
            "phoneNumber" : ""
          },
          "longitude" : 46.774029,
          "subLocality" : "",
          "latitude" : 46.774029,
          "type" : 1,
          "street" : "Str. Constanța nr. 5",
          "administrativeArea" : "Cluj",
          "houseNumber" : "",
          "expected" : true,
          "postalCode" : "",
          "country" : "Romania",
          "name" : "Casa de Asigurări de Sănătate Cluj",
          "locality" : "Cluj-Napoca"
        },
        {
          "ISOcountryCode" : "RO",
          "relevancyType" : 1,
          "administrativeAreaCode" : "",
          "uid" : "4f697476e4b01065912b3888",
          "subAdministrativeArea" : "",
          "topResult" : 0,
          "additionalInformation" : {
            "rating" : 0,
            "checkinCount" : 119,
            "tipCount" : 1,
            "webSiteUrl" : "",
            "kSKOneBoxFilterDistanceKey" : 440.2444173166341,
            "type" : "Laboratory",
            "rankingIndex" : 4,
            "hereNowCount" : 0,
            "providerID" : 3,
            "foursquarePOIUrl" : "https:\/\/foursquare.com\/v\/Centrul%20Regional%20De%20Transfuzie%20Sanguina\/4f697476e4b01065912b3888",
            "distance" : 440,
            "phoneNumber" : ""
          },
          "longitude" : 46.775619,
          "subLocality" : "",
          "latitude" : 46.775619,
          "type" : 1,
          "street" : "",
          "administrativeArea" : "",
          "houseNumber" : "",
          "expected" : true,
          "postalCode" : "",
          "country" : "Romania",
          "name" : "Centrul Regional De Transfuzie Sanguina",
          "locality" : ""
        },
        {
          "ISOcountryCode" : "RO",
          "relevancyType" : 1,
          "administrativeAreaCode" : "",
          "uid" : "5088f62ae4b0d0c44beaf53e",
          "subAdministrativeArea" : "",
          "topResult" : 0,
          "additionalInformation" : {
            "rating" : 0,
            "checkinCount" : 184,
            "tipCount" : 0,
            "webSiteUrl" : "",
            "kSKOneBoxFilterDistanceKey" : 917.2157975037827,
            "type" : "College Classroom",
            "rankingIndex" : 5,
            "hereNowCount" : 0,
            "providerID" : 3,
            "foursquarePOIUrl" : "https:\/\/foursquare.com\/v\/Catedra%20de%20S%C4%83n%C4%83tate%20Public%C4%83%20UMF%20Cluj\/5088f62ae4b0d0c44beaf53e",
            "distance" : 918,
            "phoneNumber" : ""
          },
          "longitude" : 46.767332,
          "subLocality" : "",
          "latitude" : 46.767332,
          "type" : 1,
          "street" : "Str. Avram Iancu nr. 31",
          "administrativeArea" : "Cluj",
          "houseNumber" : "",
          "expected" : true,
          "postalCode" : "",
          "country" : "Romania",
          "name" : "Catedra de Sănătate Publică UMF Cluj",
          "locality" : "Cluj-Napoca"
        },
        {
          "ISOcountryCode" : "RO",
          "relevancyType" : 1,
          "administrativeAreaCode" : "",
          "uid" : "4e5f841e7d8bc73f9f355434",
          "subAdministrativeArea" : "",
          "topResult" : 0,
          "additionalInformation" : {
            "rating" : 0,
            "checkinCount" : 47,
            "tipCount" : 0,
            "webSiteUrl" : "",
            "kSKOneBoxFilterDistanceKey" : 991.418273905613,
            "type" : "Pizza Place",
            "rankingIndex" : 6,
            "hereNowCount" : 0,
            "providerID" : 3,
            "foursquarePOIUrl" : "https:\/\/foursquare.com\/v\/Santa%20Lucia\/4e5f841e7d8bc73f9f355434",
            "distance" : 993,
            "phoneNumber" : ""
          },
          "longitude" : 46.769394,
          "subLocality" : "",
          "latitude" : 46.769394,
          "type" : 1,
          "street" : "Str. Traian Moșoiu nr. 20",
          "administrativeArea" : "Cluj",
          "houseNumber" : "",
          "expected" : true,
          "postalCode" : "",
          "country" : "Romania",
          "name" : "Santa Lucia",
          "locality" : "Cluj-Napoca"
        },
        {
          "ISOcountryCode" : "RO",
          "relevancyType" : 1,
          "administrativeAreaCode" : "",
          "uid" : "4dcada7a2271f5e21d69b69c",
          "subAdministrativeArea" : "",
          "topResult" : 0,
          "additionalInformation" : {
            "rating" : 0,
            "checkinCount" : 208,
            "tipCount" : 4,
            "webSiteUrl" : "",
            "kSKOneBoxFilterDistanceKey" : 1000.269404822151,
            "type" : "Restaurant",
            "rankingIndex" : 7,
            "hereNowCount" : 0,
            "providerID" : 3,
            "foursquarePOIUrl" : "https:\/\/foursquare.com\/v\/Sandany\/4dcada7a2271f5e21d69b69c",
            "distance" : 1001,
            "phoneNumber" : ""
          },
          "longitude" : 46.769051,
          "subLocality" : "",
          "latitude" : 46.769051,
          "type" : 1,
          "street" : "Str. Traian Moșoiu",
          "administrativeArea" : "Cluj",
          "houseNumber" : "",
          "expected" : true,
          "postalCode" : "",
          "country" : "Romania",
          "name" : "Sandany",
          "locality" : "Cluj-Napoca"
        },
        {
          "ISOcountryCode" : "RO",
          "relevancyType" : 1,
          "administrativeAreaCode" : "",
          "uid" : "4e30ff33aeb7d41efd90abdc",
          "subAdministrativeArea" : "",
          "topResult" : 0,
          "additionalInformation" : {
            "rating" : 0,
            "checkinCount" : 36,
            "tipCount" : 0,
            "webSiteUrl" : "",
            "kSKOneBoxFilterDistanceKey" : 1909.141509930165,
            "type" : "Doctor's Office",
            "rankingIndex" : 8,
            "hereNowCount" : 0,
            "providerID" : 3,
            "foursquarePOIUrl" : "https:\/\/foursquare.com\/v\/Centrul%20Medical%20MedSan%20Cluj-Napoca\/4e30ff33aeb7d41efd90abdc",
            "distance" : 1912,
            "phoneNumber" : ""
          },
          "longitude" : 46.765432,
          "subLocality" : "",
          "latitude" : 46.765432,
          "type" : 1,
          "street" : "",
          "administrativeArea" : "Cluj",
          "houseNumber" : "",
          "expected" : true,
          "postalCode" : "",
          "country" : "Romania",
          "name" : "Centrul Medical MedSan Cluj-Napoca",
          "locality" : "Cluj-Napoca"
        }
      ]
    },
    {
      "providerId" : 4,
      "providerName" : "TripAdvisor",
      "results" : [
        {
          "ISOcountryCode" : "",
          "relevancyType" : 1,
          "administrativeAreaCode" : "",
          "uid" : "",
          "subAdministrativeArea" : "",
          "topResult" : 0,
          "additionalInformation" : {
            "rating" : 4,
            "reviewCount" : 5,
            "onelineAddress" : "Cluj-Napoca, Cluj County, Northwest Romania, Transylvania",
            "poiUrl" : "http:\/\/www.tripadvisor.com\/Restaurant_Review-g298474-d6495941-Reviews-m17310-Lucas_Super_Sandwich_Cluj_Napoca-Cluj_Napoca_Cluj_County_Northwest_Romania.html",
            "kSKOneBoxFilterDistanceKey" : 232.5370095835767,
            "ranking" : "#142 of 216 restaurants in Cluj-Napoca",
            "rankingIndex" : 1,
            "price" : "$1 - $4",
            "imageURL" : "http:\/\/media-cdn.tripadvisor.com\/media\/photo-s\/06\/00\/17\/a8\/lucas-super-sandwich.jpg",
            "providerID" : 4,
            "rawRanking" : 3.1,
            "distance" : 230,
            "thumbnailImageURL" : "http:\/\/media-cdn.tripadvisor.com\/media\/photo-s\/06\/00\/17\/a8\/lucas-super-sandwich.jpg"
          },
          "longitude" : 46.77335,
          "subLocality" : "",
          "latitude" : 46.77335,
          "type" : 1,
          "street" : "",
          "administrativeArea" : "",
          "houseNumber" : "",
          "expected" : true,
          "postalCode" : "",
          "country" : "",
          "name" : "Lucas Super Sandwich Cluj Napoca",
          "locality" : ""
        },
        {
          "ISOcountryCode" : "",
          "relevancyType" : 1,
          "administrativeAreaCode" : "",
          "uid" : "",
          "subAdministrativeArea" : "",
          "topResult" : 0,
          "additionalInformation" : {
            "rating" : 0,
            "reviewCount" : 0,
            "onelineAddress" : "Cluj-Napoca, Cluj County, Northwest Romania, Transylvania",
            "poiUrl" : "http:\/\/www.tripadvisor.com\/Attraction_Review-g298474-d8492316-Reviews-m17310-Aleksandra-Cluj_Napoca_Cluj_County_Northwest_Romania_Transylvania.html",
            "kSKOneBoxFilterDistanceKey" : 1042.800486682567,
            "ranking" : "",
            "rankingIndex" : 2,
            "price" : "",
            "imageURL" : "",
            "providerID" : 4,
            "rawRanking" : 0,
            "distance" : 1040,
            "thumbnailImageURL" : ""
          },
          "longitude" : 46.774067,
          "subLocality" : "",
          "latitude" : 46.774067,
          "type" : 1,
          "street" : "",
          "administrativeArea" : "",
          "houseNumber" : "",
          "expected" : true,
          "postalCode" : "",
          "country" : "",
          "name" : "Aleksandra",
          "locality" : ""
        },
        {
          "ISOcountryCode" : "",
          "relevancyType" : 1,
          "administrativeAreaCode" : "",
          "uid" : "",
          "subAdministrativeArea" : "",
          "topResult" : 0,
          "additionalInformation" : {
            "rating" : 5,
            "reviewCount" : 32,
            "onelineAddress" : "Cluj-Napoca, Cluj County, Northwest Romania, Transylvania",
            "poiUrl" : "http:\/\/www.tripadvisor.com\/Restaurant_Review-g298474-d6624228-Reviews-m17310-Un_Dulce_de_la_Vlad_Muresan-Cluj_Napoca_Cluj_County_Northwest_Romania_Tran.html",
            "kSKOneBoxFilterDistanceKey" : 3315.12202006273,
            "ranking" : "#25 of 216 restaurants in Cluj-Napoca",
            "rankingIndex" : 3,
            "price" : "",
            "imageURL" : "http:\/\/media-cdn.tripadvisor.com\/media\/photo-s\/05\/e4\/b4\/71\/candy-bar.jpg",
            "providerID" : 4,
            "rawRanking" : 3.49,
            "distance" : 3320,
            "thumbnailImageURL" : "http:\/\/media-cdn.tripadvisor.com\/media\/photo-s\/05\/e4\/b4\/71\/candy-bar.jpg"
          },
          "longitude" : 46.75685,
          "subLocality" : "",
          "latitude" : 46.75685,
          "type" : 1,
          "street" : "",
          "administrativeArea" : "",
          "houseNumber" : "",
          "expected" : true,
          "postalCode" : "",
          "country" : "",
          "name" : "Un Dulce de la Vlad Muresan",
          "locality" : ""
        },
        {
          "ISOcountryCode" : "",
          "relevancyType" : 1,
          "administrativeAreaCode" : "",
          "uid" : "",
          "subAdministrativeArea" : "",
          "topResult" : 0,
          "additionalInformation" : {
            "rating" : 4.5,
            "reviewCount" : 2,
            "onelineAddress" : "Vlaha, Cluj County, Northwest Romania, Transylvania",
            "poiUrl" : "http:\/\/www.tripadvisor.com\/Restaurant_Review-g8393212-d8355761-Reviews-m17310-Restaurant_Csani-Vlaha_Cluj_County_Northwest_Romania_Transylvania.html",
            "kSKOneBoxFilterDistanceKey" : 9619.695408403993,
            "ranking" : "#1 of 1 restaurants in Vlaha",
            "rankingIndex" : 4,
            "price" : "",
            "imageURL" : "",
            "providerID" : 4,
            "rawRanking" : 3.13,
            "distance" : 9630,
            "thumbnailImageURL" : ""
          },
          "longitude" : 46.711346,
          "subLocality" : "",
          "latitude" : 46.711346,
          "type" : 1,
          "street" : "",
          "administrativeArea" : "",
          "houseNumber" : "",
          "expected" : true,
          "postalCode" : "",
          "country" : "",
          "name" : "Restaurant Csani",
          "locality" : ""
        },
        {
          "ISOcountryCode" : "",
          "relevancyType" : 1,
          "administrativeAreaCode" : "",
          "uid" : "",
          "subAdministrativeArea" : "",
          "topResult" : 0,
          "additionalInformation" : {
            "rating" : 0,
            "reviewCount" : 0,
            "onelineAddress" : "Turda, Cluj County, Northwest Romania, Transylvania",
            "poiUrl" : "http:\/\/www.tripadvisor.com\/Attraction_Review-g1074312-d6869233-Reviews-m17310-Petofi_Sandor_Memorial_House-Turda_Cluj_County_Northwest_Romania_Transylv.html",
            "kSKOneBoxFilterDistanceKey" : 27068.09552237382,
            "ranking" : "",
            "rankingIndex" : 5,
            "price" : "",
            "imageURL" : "",
            "providerID" : 4,
            "rawRanking" : 0,
            "distance" : 27110,
            "thumbnailImageURL" : ""
          },
          "longitude" : 46.56912,
          "subLocality" : "",
          "latitude" : 46.56912,
          "type" : 1,
          "street" : "",
          "administrativeArea" : "",
          "houseNumber" : "",
          "expected" : true,
          "postalCode" : "",
          "country" : "",
          "name" : "Petofi Sandor Memorial House",
          "locality" : ""
        },
        {
          "ISOcountryCode" : "",
          "relevancyType" : 1,
          "administrativeAreaCode" : "",
          "uid" : "",
          "subAdministrativeArea" : "",
          "topResult" : 0,
          "additionalInformation" : {
            "rating" : 4,
            "reviewCount" : 6,
            "onelineAddress" : "Tirgu Mures, Mures County, Central Romania, Transylvania",
            "poiUrl" : "http:\/\/www.tripadvisor.com\/Restaurant_Review-g298477-d3650148-Reviews-m17310-Casa_Muresana-Tirgu_Mures_Mures_County_Central_Romania_Transylvania.html",
            "kSKOneBoxFilterDistanceKey" : 77061.92127194605,
            "ranking" : "#36 of 51 restaurants in Tirgu Mures",
            "rankingIndex" : 6,
            "price" : "",
            "imageURL" : "http:\/\/media-cdn.tripadvisor.com\/media\/photo-s\/06\/e5\/a4\/2a\/caption.jpg",
            "providerID" : 4,
            "rawRanking" : 3.1,
            "distance" : 77180,
            "thumbnailImageURL" : "http:\/\/media-cdn.tripadvisor.com\/media\/photo-s\/06\/e5\/a4\/2a\/caption.jpg"
          },
          "longitude" : 46.52252,
          "subLocality" : "",
          "latitude" : 46.52252,
          "type" : 1,
          "street" : "",
          "administrativeArea" : "",
          "houseNumber" : "",
          "expected" : true,
          "postalCode" : "",
          "country" : "",
          "name" : "Casa Muresana",
          "locality" : ""
        },
        {
          "ISOcountryCode" : "",
          "relevancyType" : 1,
          "administrativeAreaCode" : "",
          "uid" : "",
          "subAdministrativeArea" : "",
          "topResult" : 0,
          "additionalInformation" : {
            "rating" : 3.5,
            "reviewCount" : 6,
            "onelineAddress" : "Tirgu Mures, Mures County, Central Romania, Transylvania",
            "poiUrl" : "http:\/\/www.tripadvisor.com\/Restaurant_Review-g298477-d8465660-Reviews-m17310-Restaurant_Casa_Muresana_Bucataria_NO_1_in_Targu_Mures-Tirgu_Mures_Mures_C.html",
            "kSKOneBoxFilterDistanceKey" : 78149.4290666279,
            "ranking" : "#39 of 51 restaurants in Tirgu Mures",
            "rankingIndex" : 7,
            "price" : "",
            "imageURL" : "http:\/\/media-cdn.tripadvisor.com\/media\/photo-s\/08\/d1\/cf\/7d\/restaurant-casa-muresana.jpg",
            "providerID" : 4,
            "rawRanking" : 3.09,
            "distance" : 78260,
            "thumbnailImageURL" : "http:\/\/media-cdn.tripadvisor.com\/media\/photo-s\/08\/d1\/cf\/7d\/restaurant-casa-muresana.jpg"
          },
          "longitude" : 46.5412,
          "subLocality" : "",
          "latitude" : 46.5412,
          "type" : 1,
          "street" : "",
          "administrativeArea" : "",
          "houseNumber" : "",
          "expected" : true,
          "postalCode" : "",
          "country" : "",
          "name" : "Restaurant Casa Muresana - Bucataria NO 1 in Targu Mures",
          "locality" : ""
        },
        {
          "ISOcountryCode" : "",
          "relevancyType" : 1,
          "administrativeAreaCode" : "",
          "uid" : "",
          "subAdministrativeArea" : "",
          "topResult" : 0,
          "additionalInformation" : {
            "rating" : 4,
            "reviewCount" : 4,
            "onelineAddress" : "Tirgu Mures, Mures County, Central Romania, Transylvania",
            "poiUrl" : "http:\/\/www.tripadvisor.com\/Hotel_Review-g298477-d2227932-Reviews-m17310-Hotel_Sandoria-Tirgu_Mures_Mures_County_Central_Romania_Transylvania.html",
            "kSKOneBoxFilterDistanceKey" : 81047.59059437015,
            "ranking" : "#8 of 12 hotels in Tirgu Mures",
            "rankingIndex" : 8,
            "price" : "$0",
            "imageURL" : "http:\/\/media-cdn.tripadvisor.com\/media\/ProviderThumbnails\/dirs\/90\/a4\/90a46fbe1385d0b8727ba70b5061c5a01small.jpg",
            "providerID" : 4,
            "rawRanking" : 2.76,
            "distance" : 81170,
            "thumbnailImageURL" : "http:\/\/media-cdn.tripadvisor.com\/media\/ProviderThumbnails\/dirs\/90\/a4\/90a46fbe1385d0b8727ba70b5061c5a01small.jpg"
          },
          "longitude" : 46.53151,
          "subLocality" : "",
          "latitude" : 46.53151,
          "type" : 1,
          "street" : "",
          "administrativeArea" : "",
          "houseNumber" : "",
          "expected" : true,
          "postalCode" : "",
          "country" : "",
          "name" : "Hotel Sandoria",
          "locality" : ""
        }
      ]
    }
  ],
  "searchTerm" : "san",
  "searchLanguage" : "en",
  "latitude" : 46.77527345843109,
  "radius" : 10000
}