{
  "longitude" : -122.4157924735231,
  "results" : [
    {
      "providerId" : 5,
      "providerName" : "Apple",
      "results" : [
        {
          "ISOcountryCode" : "US",
          "relevancyType" : 1,
          "administrativeAreaCode" : "",
          "uid" : "",
          "subAdministrativeArea" : "Alameda",
          "topResult" : 0,
          "additionalInformation" : {
            "kSKOneBoxFilterDistanceKey" : 12190.26440478303,
            "rankingIndex" : 1
          },
          "longitude" : 37.772881,
          "subLocality" : "West End",
          "latitude" : 37.772881,
          "type" : 1,
          "street" : "Webster St",
          "administrativeArea" : "CA",
          "houseNumber" : "1445",
          "expected" : true,
          "postalCode" : "94501",
          "country" : "United States",
          "name" : "Calafia Taqueria",
          "locality" : "Alameda"
        },
        {
          "ISOcountryCode" : "US",
          "relevancyType" : 1,
          "administrativeAreaCode" : "",
          "uid" : "",
          "subAdministrativeArea" : "Santa Clara",
          "topResult" : 0,
          "additionalInformation" : {
            "kSKOneBoxFilterDistanceKey" : 43061.4228424538,
            "rankingIndex" : 2
          },
          "longitude" : 37.43833846400803,
          "subLocality" : "Town & Country Village",
          "latitude" : 37.43833846400803,
          "type" : 1,
          "street" : "El Camino Real",
          "administrativeArea" : "CA",
          "houseNumber" : "855",
          "expected" : true,
          "postalCode" : "94301",
          "country" : "United States",
          "name" : "Calafia Café & Market A Go Go",
          "locality" : "Palo Alto"
        },
        {
          "ISOcountryCode" : "US",
          "relevancyType" : 1,
          "administrativeAreaCode" : "",
          "uid" : "",
          "subAdministrativeArea" : "Alameda",
          "topResult" : 0,
          "additionalInformation" : {
            "kSKOneBoxFilterDistanceKey" : 17369.99101233461,
            "rankingIndex" : 3
          },
          "longitude" : 37.78043,
          "subLocality" : "Saint Elizabeth",
          "latitude" : 37.78043,
          "type" : 1,
          "street" : "Foothill Blvd",
          "administrativeArea" : "CA",
          "houseNumber" : "3615",
          "expected" : true,
          "postalCode" : "94601",
          "country" : "United States",
          "name" : "Calafia Taqueria",
          "locality" : "Oakland"
        },
        {
          "ISOcountryCode" : "US",
          "relevancyType" : 1,
          "administrativeAreaCode" : "",
          "uid" : "",
          "subAdministrativeArea" : "Alameda",
          "topResult" : 0,
          "additionalInformation" : {
            "kSKOneBoxFilterDistanceKey" : 23569.26005559135,
            "rankingIndex" : 4
          },
          "longitude" : 37.7571558,
          "subLocality" : "",
          "latitude" : 37.7571558,
          "type" : 1,
          "street" : "",
          "administrativeArea" : "CA",
          "houseNumber" : "",
          "expected" : true,
          "postalCode" : "",
          "country" : "United States",
          "name" : "Mountain Blvd & Calafia Ave Stop",
          "locality" : "Oakland"
        },
        {
          "ISOcountryCode" : "US",
          "relevancyType" : 1,
          "administrativeAreaCode" : "",
          "uid" : "",
          "subAdministrativeArea" : "Alameda",
          "topResult" : 0,
          "additionalInformation" : {
            "kSKOneBoxFilterDistanceKey" : 23584.46767191195,
            "rankingIndex" : 5
          },
          "longitude" : 37.7573017,
          "subLocality" : "",
          "latitude" : 37.7573017,
          "type" : 1,
          "street" : "",
          "administrativeArea" : "CA",
          "houseNumber" : "",
          "expected" : true,
          "postalCode" : "",
          "country" : "United States",
          "name" : "Mountain Blvd & Calafia Ave Stop",
          "locality" : "Oakland"
        },
        {
          "ISOcountryCode" : "US",
          "relevancyType" : 1,
          "administrativeAreaCode" : "",
          "uid" : "",
          "subAdministrativeArea" : "Orange",
          "topResult" : 0,
          "additionalInformation" : {
            "kSKOneBoxFilterDistanceKey" : 651030.4195792715,
            "rankingIndex" : 6
          },
          "longitude" : 33.40612334804705,
          "subLocality" : "",
          "latitude" : 33.40612334804705,
          "type" : 1,
          "street" : "Avenida Califia",
          "administrativeArea" : "CA",
          "houseNumber" : "275",
          "expected" : true,
          "postalCode" : "92672",
          "country" : "United States",
          "name" : "Calafia State Beach",
          "locality" : "San Clemente"
        },
        {
          "ISOcountryCode" : "US",
          "relevancyType" : 1,
          "administrativeAreaCode" : "",
          "uid" : "",
          "subAdministrativeArea" : "Napa",
          "topResult" : 0,
          "additionalInformation" : {
            "kSKOneBoxFilterDistanceKey" : 82874.78482359482,
            "rankingIndex" : 7
          },
          "longitude" : 38.512379,
          "subLocality" : "Bay Area",
          "latitude" : 38.512379,
          "type" : 1,
          "street" : "Fulton Ln",
          "administrativeArea" : "CA",
          "houseNumber" : "629",
          "expected" : true,
          "postalCode" : "94574",
          "country" : "United States",
          "name" : "Calafia Cellars",
          "locality" : "Saint Helena"
        },
        {
          "ISOcountryCode" : "MX",
          "relevancyType" : 1,
          "administrativeAreaCode" : "",
          "uid" : "",
          "subAdministrativeArea" : "",
          "topResult" : 0,
          "additionalInformation" : {
            "kSKOneBoxFilterDistanceKey" : 853479.879363164,
            "rankingIndex" : 8
          },
          "longitude" : 32.64443105,
          "subLocality" : "Rivera",
          "latitude" : 32.64443105,
          "type" : 1,
          "street" : "Circuito Siglo XXI",
          "administrativeArea" : "BC ",
          "houseNumber" : "",
          "expected" : true,
          "postalCode" : "21377",
          "country" : "Mexico",
          "name" : "Calafia",
          "locality" : "Mexicali"
        },
        {
          "ISOcountryCode" : "US",
          "relevancyType" : 1,
          "administrativeAreaCode" : "",
          "uid" : "",
          "subAdministrativeArea" : "Orange",
          "topResult" : 0,
          "additionalInformation" : {
            "kSKOneBoxFilterDistanceKey" : 650962.3165108456,
            "rankingIndex" : 9
          },
          "longitude" : 33.40679035636589,
          "subLocality" : "",
          "latitude" : 33.40679035636589,
          "type" : 1,
          "street" : "Avenida Califia",
          "administrativeArea" : "CA",
          "houseNumber" : "250",
          "expected" : true,
          "postalCode" : "92672",
          "country" : "United States",
          "name" : "Calafia Beach Cafe",
          "locality" : "San Clemente"
        },
        {
          "ISOcountryCode" : "US",
          "relevancyType" : 1,
          "administrativeAreaCode" : "",
          "uid" : "",
          "subAdministrativeArea" : "Orange",
          "topResult" : 0,
          "additionalInformation" : {
            "kSKOneBoxFilterDistanceKey" : 650893.7800922781,
            "rankingIndex" : 10
          },
          "longitude" : 33.4058925,
          "subLocality" : "",
          "latitude" : 33.4058925,
          "type" : 1,
          "street" : "Avenida Lobeiro",
          "administrativeArea" : "CA",
          "houseNumber" : "243",
          "expected" : true,
          "postalCode" : "92672",
          "country" : "United States",
          "name" : "Calafia Park",
          "locality" : "San Clemente"
        }
      ]
    },
    {
      "providerId" : 1,
      "providerName" : "OpenStreetMap",
      "results" : [
        {
          "ISOcountryCode" : "US",
          "relevancyType" : 1,
          "administrativeAreaCode" : "",
          "uid" : "",
          "subAdministrativeArea" : "",
          "topResult" : 0,
          "additionalInformation" : {
            "providerID" : 1,
            "mainCategory" : 1,
            "category" : 1020,
            "skMapsCategoryId" : 179,
            "rankingIndex" : 1,
            "kSKOneBoxFilterDistanceKey" : 12207.20075678104,
            "identifier" : 0
          },
          "longitude" : 37.77295303344727,
          "subLocality" : "",
          "latitude" : 37.77295303344727,
          "type" : 1,
          "street" : "",
          "administrativeArea" : "California",
          "houseNumber" : "",
          "expected" : true,
          "postalCode" : "",
          "country" : "United States of America",
          "name" : " [72600] Calafia",
          "locality" : "Alameda"
        }
      ]
    },
    {
      "providerId" : 6,
      "providerName" : "Telenav",
      "results" : [
        {
          "ISOcountryCode" : "",
          "relevancyType" : 1,
          "administrativeAreaCode" : "",
          "uid" : "",
          "subAdministrativeArea" : "",
          "topResult" : 0,
          "additionalInformation" : {
            "providerID" : 6,
            "rankingIndex" : 1,
            "kSKOneBoxFilterDistanceKey" : 12188.90581164024
          },
          "longitude" : 37.77289,
          "subLocality" : "",
          "latitude" : 37.77289,
          "type" : 1,
          "street" : "Webster St",
          "administrativeArea" : "CA",
          "houseNumber" : "1445",
          "expected" : true,
          "postalCode" : "94501",
          "country" : "USA",
          "name" : "Calafia Taqueria",
          "locality" : "Alameda"
        },
        {
          "ISOcountryCode" : "",
          "relevancyType" : 1,
          "administrativeAreaCode" : "",
          "uid" : "",
          "subAdministrativeArea" : "",
          "topResult" : 0,
          "additionalInformation" : {
            "providerID" : 6,
            "rankingIndex" : 2,
            "kSKOneBoxFilterDistanceKey" : 43023.39891927755
          },
          "longitude" : 37.43845,
          "subLocality" : "",
          "latitude" : 37.43845,
          "type" : 1,
          "street" : "El Camino Real",
          "administrativeArea" : "CA",
          "houseNumber" : "855",
          "expected" : true,
          "postalCode" : "94301",
          "country" : "USA",
          "name" : "Calafia Cafe",
          "locality" : "Palo Alto"
        },
        {
          "ISOcountryCode" : "",
          "relevancyType" : 1,
          "administrativeAreaCode" : "",
          "uid" : "",
          "subAdministrativeArea" : "",
          "topResult" : 0,
          "additionalInformation" : {
            "providerID" : 6,
            "rankingIndex" : 3,
            "kSKOneBoxFilterDistanceKey" : 70391.55713899933
          },
          "longitude" : 38.39692,
          "subLocality" : "",
          "latitude" : 38.39692,
          "type" : 1,
          "street" : "Silverado Trl",
          "administrativeArea" : "CA",
          "houseNumber" : "5636",
          "expected" : true,
          "postalCode" : "94558",
          "country" : "USA",
          "name" : "Calafia Winery",
          "locality" : "Napa"
        }
      ]
    },
    {
      "providerId" : 2,
      "providerName" : "Recents",
      "results" : [
        {
          "ISOcountryCode" : "US",
          "relevancyType" : 1,
          "administrativeAreaCode" : "",
          "uid" : "4b1484b8f964a52027a423e3",
          "subAdministrativeArea" : "",
          "topResult" : 0,
          "additionalInformation" : {
            "rating" : 7.9,
            "checkinCount" : 985,
            "tipCount" : 21,
            "webSiteUrl" : "http:\/\/taqueriacalafia.wix.com\/website\/",
            "kSKOneBoxFilterDistanceKey" : 12208.31653251193,
            "locationSuggestion" : true,
            "type" : "Taco Place",
            "rankingIndex" : 1,
            "hereNowCount" : 0,
            "providerID" : 3,
            "foursquarePOIUrl" : "https:\/\/foursquare.com\/v\/Calafia%20Taqueria\/4b1484b8f964a52027a423e3",
            "distance" : 12228,
            "phoneNumber" : ""
          },
          "longitude" : 37.772876,
          "subLocality" : "",
          "latitude" : 37.772876,
          "type" : 1,
          "street" : "1445 Webster St",
          "administrativeArea" : "CA",
          "houseNumber" : "",
          "expected" : false,
          "postalCode" : "94501",
          "country" : "United States",
          "name" : "Calafia Taqueria",
          "locality" : "Alameda"
        }
      ]
    },
    {
      "providerId" : 11,
      "providerName" : "Yelp",
      "results" : [
        {
          "ISOcountryCode" : "US",
          "relevancyType" : 2,
          "administrativeAreaCode" : "",
          "uid" : "",
          "subAdministrativeArea" : "",
          "topResult" : 0,
          "additionalInformation" : {
            "rating" : 3.5,
            "phoneNumber" : "4155121134",
            "reviewCount" : 149,
            "yelpPOIUrl" : "http:\/\/www.yelp.com\/biz\/small-foods-san-francisco-2?utm_campaign=yelp_api&utm_medium=api_v2_search&utm_source=FNCwHrsrGjQ5rpQcV5oRqw",
            "kSKOneBoxFilterDistanceKey" : 2558.647830595275,
            "rankingIndex" : 2,
            "providerID" : 11,
            "distance" : 2561,
            "displayPhone" : "+1-415-512-1134",
            "mobileUrl" : "http:\/\/m.yelp.com\/biz\/small-foods-san-francisco-2?utm_campaign=yelp_api&utm_medium=api_v2_search&utm_source=FNCwHrsrGjQ5rpQcV5oRqw",
            "resultId" : "small-foods-san-francisco-2"
          },
          "longitude" : 37.7826385,
          "subLocality" : "",
          "latitude" : 37.7826385,
          "type" : 1,
          "street" : "522 2nd St",
          "administrativeArea" : "CA",
          "houseNumber" : "",
          "expected" : false,
          "postalCode" : "94107",
          "country" : "",
          "name" : "Small Foods",
          "locality" : "San Francisco"
        },
        {
          "ISOcountryCode" : "US",
          "relevancyType" : 2,
          "administrativeAreaCode" : "",
          "uid" : "",
          "subAdministrativeArea" : "",
          "topResult" : 0,
          "additionalInformation" : {
            "rating" : 4,
            "phoneNumber" : "",
            "reviewCount" : 547,
            "yelpPOIUrl" : "http:\/\/www.yelp.com\/biz\/boba-guys-san-francisco-6?utm_campaign=yelp_api&utm_medium=api_v2_search&utm_source=FNCwHrsrGjQ5rpQcV5oRqw",
            "kSKOneBoxFilterDistanceKey" : 2566.232352124127,
            "rankingIndex" : 3,
            "providerID" : 11,
            "distance" : 2567,
            "displayPhone" : "",
            "mobileUrl" : "http:\/\/m.yelp.com\/biz\/boba-guys-san-francisco-6?utm_campaign=yelp_api&utm_medium=api_v2_search&utm_source=FNCwHrsrGjQ5rpQcV5oRqw",
            "resultId" : "boba-guys-san-francisco-6"
          },
          "longitude" : 37.7898750430312,
          "subLocality" : "",
          "latitude" : 37.7898750430312,
          "type" : 1,
          "street" : "429 Stockton St",
          "administrativeArea" : "CA",
          "houseNumber" : "",
          "expected" : false,
          "postalCode" : "94108",
          "country" : "",
          "name" : "Boba Guys",
          "locality" : "San Francisco"
        },
        {
          "ISOcountryCode" : "US",
          "relevancyType" : 2,
          "administrativeAreaCode" : "",
          "uid" : "",
          "subAdministrativeArea" : "",
          "topResult" : 0,
          "additionalInformation" : {
            "rating" : 4,
            "phoneNumber" : "5303839022",
            "reviewCount" : 7,
            "yelpPOIUrl" : "http:\/\/www.yelp.com\/biz\/capay-valley-farm-shop-esparto-2?utm_campaign=yelp_api&utm_medium=api_v2_search&utm_source=FNCwHrsrGjQ5rpQcV5oRqw",
            "kSKOneBoxFilterDistanceKey" : 108601.8451408919,
            "rankingIndex" : 1,
            "providerID" : 11,
            "distance" : 108514,
            "displayPhone" : "+1-530-383-9022",
            "mobileUrl" : "http:\/\/m.yelp.com\/biz\/capay-valley-farm-shop-esparto-2?utm_campaign=yelp_api&utm_medium=api_v2_search&utm_source=FNCwHrsrGjQ5rpQcV5oRqw",
            "resultId" : "capay-valley-farm-shop-esparto-2"
          },
          "longitude" : 38.69337,
          "subLocality" : "",
          "latitude" : 38.69337,
          "type" : 1,
          "street" : "",
          "administrativeArea" : "CA",
          "houseNumber" : "",
          "expected" : true,
          "postalCode" : "95627",
          "country" : "",
          "name" : "Capay Valley Farm Shop",
          "locality" : "Esparto"
        }
      ]
    },
    {
      "providerId" : 16,
      "providerName" : "Google",
      "results" : [

      ]
    },
    {
      "providerId" : 3,
      "providerName" : "Foursqare",
      "results" : [
        {
          "ISOcountryCode" : "US",
          "relevancyType" : 1,
          "administrativeAreaCode" : "",
          "uid" : "4b1484b8f964a52027a423e3",
          "subAdministrativeArea" : "",
          "topResult" : 0,
          "additionalInformation" : {
            "rating" : 7.9,
            "checkinCount" : 985,
            "tipCount" : 21,
            "webSiteUrl" : "http:\/\/taqueriacalafia.wix.com\/website\/",
            "kSKOneBoxFilterDistanceKey" : 12208.31653251193,
            "type" : "Taco Place",
            "rankingIndex" : 1,
            "hereNowCount" : 0,
            "providerID" : 3,
            "foursquarePOIUrl" : "https:\/\/foursquare.com\/v\/Calafia%20Taqueria\/4b1484b8f964a52027a423e3",
            "distance" : 12228,
            "phoneNumber" : ""
          },
          "longitude" : 37.772876,
          "subLocality" : "",
          "latitude" : 37.772876,
          "type" : 1,
          "street" : "1445 Webster St",
          "administrativeArea" : "CA",
          "houseNumber" : "",
          "expected" : true,
          "postalCode" : "94501",
          "country" : "United States",
          "name" : "Calafia Taqueria",
          "locality" : "Alameda"
        },
        {
          "ISOcountryCode" : "US",
          "relevancyType" : 1,
          "administrativeAreaCode" : "",
          "uid" : "4a984d7ff964a520642b20e3",
          "subAdministrativeArea" : "",
          "topResult" : 0,
          "additionalInformation" : {
            "rating" : 8.800000000000001,
            "checkinCount" : 8117,
            "tipCount" : 144,
            "webSiteUrl" : "http:\/\/calafiapaloalto.com",
            "kSKOneBoxFilterDistanceKey" : 43074.77128976406,
            "type" : "American Restaurant",
            "rankingIndex" : 2,
            "hereNowCount" : 0,
            "providerID" : 3,
            "foursquarePOIUrl" : "https:\/\/foursquare.com\/v\/Calafia%20Caf%C3%A9%20&%20Market%20A-Go-Go\/4a984d7ff964a520642b20e3",
            "distance" : 43146,
            "phoneNumber" : ""
          },
          "longitude" : 37.438254,
          "subLocality" : "",
          "latitude" : 37.438254,
          "type" : 1,
          "street" : "855 El Camino Real",
          "administrativeArea" : "CA",
          "houseNumber" : "",
          "expected" : true,
          "postalCode" : "94301",
          "country" : "United States",
          "name" : "Calafia Café & Market A-Go-Go",
          "locality" : "Palo Alto"
        },
        {
          "ISOcountryCode" : "US",
          "relevancyType" : 1,
          "administrativeAreaCode" : "",
          "uid" : "4f325dc519836c91c7d0b9a3",
          "subAdministrativeArea" : "",
          "topResult" : 0,
          "additionalInformation" : {
            "rating" : 0,
            "checkinCount" : 0,
            "tipCount" : 0,
            "webSiteUrl" : "",
            "kSKOneBoxFilterDistanceKey" : 17392.14942205533,
            "type" : "Food",
            "rankingIndex" : 3,
            "hereNowCount" : 0,
            "providerID" : 3,
            "foursquarePOIUrl" : "https:\/\/foursquare.com\/v\/Calafia%20Taqueria\/4f325dc519836c91c7d0b9a3",
            "distance" : 17421,
            "phoneNumber" : ""
          },
          "longitude" : 37.780598,
          "subLocality" : "",
          "latitude" : 37.780598,
          "type" : 1,
          "street" : "3615 Foothill Blvd",
          "administrativeArea" : "CA",
          "houseNumber" : "",
          "expected" : true,
          "postalCode" : "94601",
          "country" : "United States",
          "name" : "Calafia Taqueria",
          "locality" : "Oakland"
        },
        {
          "ISOcountryCode" : "US",
          "relevancyType" : 2,
          "administrativeAreaCode" : "",
          "uid" : "4bc0e648461576b02f037b32",
          "subAdministrativeArea" : "",
          "topResult" : 0,
          "additionalInformation" : {
            "rating" : 7.6,
            "checkinCount" : 7010,
            "tipCount" : 16,
            "webSiteUrl" : "http:\/\/www.tandcvillage.com",
            "kSKOneBoxFilterDistanceKey" : 43025.37177981574,
            "type" : "Mall",
            "rankingIndex" : 4,
            "hereNowCount" : 0,
            "providerID" : 3,
            "foursquarePOIUrl" : "https:\/\/foursquare.com\/v\/Town%20&%20Country%20Village\/4bc0e648461576b02f037b32",
            "distance" : 43097,
            "phoneNumber" : ""
          },
          "longitude" : 37.438266,
          "subLocality" : "",
          "latitude" : 37.438266,
          "type" : 1,
          "street" : "855 El Camino Real",
          "administrativeArea" : "CA",
          "houseNumber" : "",
          "expected" : true,
          "postalCode" : "94301",
          "country" : "United States",
          "name" : "Town & Country Village",
          "locality" : "Palo Alto"
        },
        {
          "ISOcountryCode" : "US",
          "relevancyType" : 2,
          "administrativeAreaCode" : "",
          "uid" : "51cdcd16498e273020092eeb",
          "subAdministrativeArea" : "",
          "topResult" : 0,
          "additionalInformation" : {
            "rating" : 8.5,
            "checkinCount" : 5670,
            "tipCount" : 73,
            "webSiteUrl" : "http:\/\/coffee-cultures.com",
            "kSKOneBoxFilterDistanceKey" : 2891.623094133136,
            "type" : "Coffee Shop",
            "rankingIndex" : 5,
            "hereNowCount" : 0,
            "providerID" : 3,
            "foursquarePOIUrl" : "https:\/\/foursquare.com\/v\/Coffee%20Cultures\/51cdcd16498e273020092eeb",
            "distance" : 2896,
            "phoneNumber" : ""
          },
          "longitude" : 37.791166,
          "subLocality" : "",
          "latitude" : 37.791166,
          "type" : 1,
          "street" : "225 Bush St",
          "administrativeArea" : "CA",
          "houseNumber" : "",
          "expected" : true,
          "postalCode" : "94104",
          "country" : "United States",
          "name" : "Coffee Cultures",
          "locality" : "San Francisco"
        },
        {
          "ISOcountryCode" : "US",
          "relevancyType" : 2,
          "administrativeAreaCode" : "",
          "uid" : "4abbb03ef964a520668420e3",
          "subAdministrativeArea" : "",
          "topResult" : 0,
          "additionalInformation" : {
            "rating" : 8.5,
            "checkinCount" : 12402,
            "tipCount" : 158,
            "webSiteUrl" : "http:\/\/www.theplantcafe.com",
            "kSKOneBoxFilterDistanceKey" : 3765.976057790701,
            "type" : "Café",
            "rankingIndex" : 6,
            "hereNowCount" : 0,
            "providerID" : 3,
            "foursquarePOIUrl" : "https:\/\/foursquare.com\/v\/The%20Plant%20Cafe%20Organic\/4abbb03ef964a520668420e3",
            "distance" : 3772,
            "phoneNumber" : ""
          },
          "longitude" : 37.797781,
          "subLocality" : "",
          "latitude" : 37.797781,
          "type" : 1,
          "street" : "Pier 3",
          "administrativeArea" : "CA",
          "houseNumber" : "",
          "expected" : true,
          "postalCode" : "94111",
          "country" : "United States",
          "name" : "The Plant Cafe Organic",
          "locality" : "San Francisco"
        },
        {
          "ISOcountryCode" : "US",
          "relevancyType" : 2,
          "administrativeAreaCode" : "",
          "uid" : "49bd5717f964a52069541fe3",
          "subAdministrativeArea" : "",
          "topResult" : 0,
          "additionalInformation" : {
            "rating" : 8.699999999999999,
            "checkinCount" : 8465,
            "tipCount" : 119,
            "webSiteUrl" : "http:\/\/www.mayfieldbakery.com",
            "kSKOneBoxFilterDistanceKey" : 43058.8068694836,
            "type" : "Bakeries",
            "rankingIndex" : 7,
            "hereNowCount" : 0,
            "providerID" : 3,
            "foursquarePOIUrl" : "https:\/\/foursquare.com\/v\/Mayfield%20Bakery%20&%20Cafe\/49bd5717f964a52069541fe3",
            "distance" : 43130,
            "phoneNumber" : ""
          },
          "longitude" : 37.438201,
          "subLocality" : "",
          "latitude" : 37.438201,
          "type" : 1,
          "street" : "855 El Camino Real Ste 110",
          "administrativeArea" : "CA",
          "houseNumber" : "",
          "expected" : true,
          "postalCode" : "94301",
          "country" : "United States",
          "name" : "Mayfield Bakery & Cafe",
          "locality" : "Palo Alto"
        }
      ]
    },
    {
      "providerId" : 4,
      "providerName" : "TripAdvisor",
      "results" : [
        {
          "ISOcountryCode" : "",
          "relevancyType" : 1,
          "administrativeAreaCode" : "",
          "uid" : "",
          "subAdministrativeArea" : "",
          "topResult" : 0,
          "additionalInformation" : {
            "rating" : 3.5,
            "reviewCount" : 10,
            "onelineAddress" : "Alameda, California",
            "poiUrl" : "http:\/\/www.tripadvisor.com\/Restaurant_Review-g29073-d784918-Reviews-m17310-Calafia_Taqueria-Alameda_California.html",
            "kSKOneBoxFilterDistanceKey" : 12204.57552559392,
            "ranking" : "#98 of 171 restaurants in Alameda",
            "rankingIndex" : 1,
            "price" : "",
            "imageURL" : "",
            "providerID" : 4,
            "rawRanking" : 3.11,
            "distance" : 12220,
            "thumbnailImageURL" : ""
          },
          "longitude" : 37.772865,
          "subLocality" : "",
          "latitude" : 37.772865,
          "type" : 1,
          "street" : "",
          "administrativeArea" : "",
          "houseNumber" : "",
          "expected" : true,
          "postalCode" : "",
          "country" : "",
          "name" : "Calafia Taqueria",
          "locality" : ""
        },
        {
          "ISOcountryCode" : "",
          "relevancyType" : 1,
          "administrativeAreaCode" : "",
          "uid" : "",
          "subAdministrativeArea" : "",
          "topResult" : 0,
          "additionalInformation" : {
            "rating" : 4,
            "reviewCount" : 107,
            "onelineAddress" : "Palo Alto, California",
            "poiUrl" : "http:\/\/www.tripadvisor.com\/Restaurant_Review-g32849-d1315056-Reviews-m17310-Calafia_Cafe-Palo_Alto_California.html",
            "kSKOneBoxFilterDistanceKey" : 43020.48029040695,
            "ranking" : "#21 of 256 restaurants in Palo Alto",
            "rankingIndex" : 2,
            "price" : "",
            "imageURL" : "http:\/\/media-cdn.tripadvisor.com\/media\/photo-s\/02\/d7\/3e\/cf\/calafia-cafe.jpg",
            "providerID" : 4,
            "rawRanking" : 3.46,
            "distance" : 43080,
            "thumbnailImageURL" : "http:\/\/media-cdn.tripadvisor.com\/media\/photo-s\/02\/d7\/3e\/cf\/calafia-cafe.jpg"
          },
          "longitude" : 37.43776,
          "subLocality" : "",
          "latitude" : 37.43776,
          "type" : 1,
          "street" : "",
          "administrativeArea" : "",
          "houseNumber" : "",
          "expected" : true,
          "postalCode" : "",
          "country" : "",
          "name" : "Calafia Cafe",
          "locality" : ""
        }
      ]
    }
  ],
  "searchTerm" : "calafia",
  "searchLanguage" : "en",
  "latitude" : 37.76781856073684,
  "radius" : 10000
}