{
  "longitude" : -122.4157924735231,
  "results" : [
    {
      "providerId" : 5,
      "providerName" : "Apple",
      "results" : [
        {
          "ISOcountryCode" : "US",
          "relevancyType" : 1,
          "administrativeAreaCode" : "",
          "uid" : "",
          "subAdministrativeArea" : "Santa Clara",
          "topResult" : 0,
          "additionalInformation" : {
            "kSKOneBoxFilterDistanceKey" : 43061.4228424538,
            "rankingIndex" : 1
          },
          "longitude" : 37.43833846400803,
          "subLocality" : "Town & Country Village",
          "latitude" : 37.43833846400803,
          "type" : 1,
          "street" : "El Camino Real",
          "administrativeArea" : "CA",
          "houseNumber" : "855",
          "expected" : true,
          "postalCode" : "94301",
          "country" : "United States",
          "name" : "Calafia Café & Market A Go Go",
          "locality" : "Palo Alto"
        }
      ]
    },
    {
      "providerId" : 1,
      "providerName" : "OpenStreetMap",
      "results" : [
        {
          "ISOcountryCode" : "US",
          "relevancyType" : 1,
          "administrativeAreaCode" : "",
          "uid" : "",
          "subAdministrativeArea" : "",
          "topResult" : 0,
          "additionalInformation" : {
            "providerID" : 1,
            "mainCategory" : 1,
            "category" : 1017,
            "skMapsCategoryId" : 56,
            "rankingIndex" : 1,
            "kSKOneBoxFilterDistanceKey" : 43063.08488694968,
            "identifier" : 0
          },
          "longitude" : 37.43829727172852,
          "subLocality" : "",
          "latitude" : 37.43829727172852,
          "type" : 1,
          "street" : "",
          "administrativeArea" : "California",
          "houseNumber" : "",
          "expected" : true,
          "postalCode" : "",
          "country" : "United States of America",
          "name" : " [3454] Calafia",
          "locality" : "Palo Alto"
        }
      ]
    },
    {
      "providerId" : 6,
      "providerName" : "Telenav",
      "results" : [
        {
          "ISOcountryCode" : "",
          "relevancyType" : 1,
          "administrativeAreaCode" : "",
          "uid" : "",
          "subAdministrativeArea" : "",
          "topResult" : 0,
          "additionalInformation" : {
            "providerID" : 6,
            "rankingIndex" : 1,
            "kSKOneBoxFilterDistanceKey" : 43023.39891927755
          },
          "longitude" : 37.43845,
          "subLocality" : "",
          "latitude" : 37.43845,
          "type" : 1,
          "street" : "El Camino Real",
          "administrativeArea" : "CA",
          "houseNumber" : "855",
          "expected" : true,
          "postalCode" : "94301",
          "country" : "USA",
          "name" : "Calafia Cafe",
          "locality" : "Palo Alto"
        },
        {
          "ISOcountryCode" : "",
          "relevancyType" : 1,
          "administrativeAreaCode" : "",
          "uid" : "",
          "subAdministrativeArea" : "",
          "topResult" : 0,
          "additionalInformation" : {
            "providerID" : 6,
            "rankingIndex" : 2,
            "kSKOneBoxFilterDistanceKey" : 12188.90581164024
          },
          "longitude" : 37.77289,
          "subLocality" : "",
          "latitude" : 37.77289,
          "type" : 1,
          "street" : "Webster St",
          "administrativeArea" : "CA",
          "houseNumber" : "1445",
          "expected" : true,
          "postalCode" : "94501",
          "country" : "USA",
          "name" : "Calafia Taqueria",
          "locality" : "Alameda"
        }
      ]
    },
    {
      "providerId" : 2,
      "providerName" : "Recents",
      "results" : [
        {
          "ISOcountryCode" : "US",
          "relevancyType" : 1,
          "administrativeAreaCode" : "",
          "uid" : "4a688daaf964a5208bca1fe3",
          "subAdministrativeArea" : "",
          "topResult" : 0,
          "additionalInformation" : {
            "rating" : 9.1,
            "checkinCount" : 10468,
            "tipCount" : 139,
            "webSiteUrl" : "http:\/\/paloaltocreamery.com",
            "kSKOneBoxFilterDistanceKey" : 42383.55700925165,
            "locationSuggestion" : true,
            "type" : "Diner",
            "rankingIndex" : 1,
            "hereNowCount" : 0,
            "providerID" : 3,
            "foursquarePOIUrl" : "https:\/\/foursquare.com\/v\/Palo%20Alto%20Creamery\/4a688daaf964a5208bca1fe3",
            "distance" : 42454,
            "phoneNumber" : ""
          },
          "longitude" : 37.443897,
          "subLocality" : "",
          "latitude" : 37.443897,
          "type" : 1,
          "street" : "566 Emerson St",
          "administrativeArea" : "CA",
          "houseNumber" : "",
          "expected" : true,
          "postalCode" : "94301",
          "country" : "United States",
          "name" : "Palo Alto Creamery",
          "locality" : "Palo Alto"
        }
      ]
    },
    {
      "providerId" : 11,
      "providerName" : "Yelp",
      "results" : [
        {
          "ISOcountryCode" : "US",
          "relevancyType" : 2,
          "administrativeAreaCode" : "",
          "uid" : "",
          "subAdministrativeArea" : "",
          "topResult" : 0,
          "additionalInformation" : {
            "rating" : 4,
            "phoneNumber" : "5303839022",
            "reviewCount" : 7,
            "yelpPOIUrl" : "http:\/\/www.yelp.com\/biz\/capay-valley-farm-shop-esparto-2?utm_campaign=yelp_api&utm_medium=api_v2_search&utm_source=FNCwHrsrGjQ5rpQcV5oRqw",
            "kSKOneBoxFilterDistanceKey" : 108601.8451408919,
            "rankingIndex" : 1,
            "providerID" : 11,
            "distance" : 108514,
            "displayPhone" : "+1-530-383-9022",
            "mobileUrl" : "http:\/\/m.yelp.com\/biz\/capay-valley-farm-shop-esparto-2?utm_campaign=yelp_api&utm_medium=api_v2_search&utm_source=FNCwHrsrGjQ5rpQcV5oRqw",
            "resultId" : "capay-valley-farm-shop-esparto-2"
          },
          "longitude" : 38.69337,
          "subLocality" : "",
          "latitude" : 38.69337,
          "type" : 1,
          "street" : "",
          "administrativeArea" : "CA",
          "houseNumber" : "",
          "expected" : false,
          "postalCode" : "95627",
          "country" : "",
          "name" : "Capay Valley Farm Shop",
          "locality" : "Esparto"
        }
      ]
    },
    {
      "providerId" : 16,
      "providerName" : "Google",
      "results" : [

      ]
    },
    {
      "providerId" : 3,
      "providerName" : "Foursqare",
      "results" : [
        {
          "ISOcountryCode" : "US",
          "relevancyType" : 1,
          "administrativeAreaCode" : "",
          "uid" : "4a688daaf964a5208bca1fe3",
          "subAdministrativeArea" : "",
          "topResult" : 0,
          "additionalInformation" : {
            "rating" : 9.1,
            "checkinCount" : 10468,
            "tipCount" : 139,
            "webSiteUrl" : "http:\/\/paloaltocreamery.com",
            "kSKOneBoxFilterDistanceKey" : 42383.55700925165,
            "type" : "Diner",
            "rankingIndex" : 1,
            "hereNowCount" : 0,
            "providerID" : 3,
            "foursquarePOIUrl" : "https:\/\/foursquare.com\/v\/Palo%20Alto%20Creamery\/4a688daaf964a5208bca1fe3",
            "distance" : 42454,
            "phoneNumber" : ""
          },
          "longitude" : 37.443897,
          "subLocality" : "",
          "latitude" : 37.443897,
          "type" : 1,
          "street" : "566 Emerson St",
          "administrativeArea" : "CA",
          "houseNumber" : "",
          "expected" : false,
          "postalCode" : "94301",
          "country" : "United States",
          "name" : "Palo Alto Creamery",
          "locality" : "Palo Alto"
        },
        {
          "ISOcountryCode" : "US",
          "relevancyType" : 1,
          "administrativeAreaCode" : "",
          "uid" : "49ee22c9f964a52028681fe3",
          "subAdministrativeArea" : "",
          "topResult" : 0,
          "additionalInformation" : {
            "rating" : 9.1,
            "checkinCount" : 26072,
            "tipCount" : 34,
            "webSiteUrl" : "http:\/\/www.facebook.com\/equinox",
            "kSKOneBoxFilterDistanceKey" : 45523.1561293054,
            "type" : "Gym \/ Fitness Center",
            "rankingIndex" : 2,
            "hereNowCount" : 1,
            "providerID" : 3,
            "foursquarePOIUrl" : "https:\/\/foursquare.com\/v\/Equinox%20Palo%20Alto\/49ee22c9f964a52028681fe3",
            "distance" : 45599,
            "phoneNumber" : ""
          },
          "longitude" : 37.422051,
          "subLocality" : "",
          "latitude" : 37.422051,
          "type" : 1,
          "street" : "440 Portage Ave",
          "administrativeArea" : "CA",
          "houseNumber" : "",
          "expected" : false,
          "postalCode" : "94306",
          "country" : "United States",
          "name" : "Equinox Palo Alto",
          "locality" : "Palo Alto"
        },
        {
          "ISOcountryCode" : "US",
          "relevancyType" : 1,
          "administrativeAreaCode" : "",
          "uid" : "4a7b3558f964a52052ea1fe3",
          "subAdministrativeArea" : "",
          "topResult" : 0,
          "additionalInformation" : {
            "rating" : 8.699999999999999,
            "checkinCount" : 3402,
            "tipCount" : 44,
            "webSiteUrl" : "http:\/\/www.vivesol.biz\/paloalto\/",
            "kSKOneBoxFilterDistanceKey" : 44795.60406526255,
            "type" : "Mexican Restaurant",
            "rankingIndex" : 3,
            "hereNowCount" : 0,
            "providerID" : 3,
            "foursquarePOIUrl" : "https:\/\/foursquare.com\/v\/Palo%20Alto%20Sol\/4a7b3558f964a52052ea1fe3",
            "distance" : 44870,
            "phoneNumber" : ""
          },
          "longitude" : 37.426603,
          "subLocality" : "",
          "latitude" : 37.426603,
          "type" : 1,
          "street" : "408 S California Ave",
          "administrativeArea" : "CA",
          "houseNumber" : "",
          "expected" : false,
          "postalCode" : "94306",
          "country" : "United States",
          "name" : "Palo Alto Sol",
          "locality" : "Palo Alto"
        },
        {
          "ISOcountryCode" : "US",
          "relevancyType" : 1,
          "administrativeAreaCode" : "",
          "uid" : "43b19c1ef964a5209d2c1fe3",
          "subAdministrativeArea" : "",
          "topResult" : 0,
          "additionalInformation" : {
            "rating" : 8.699999999999999,
            "checkinCount" : 20426,
            "tipCount" : 72,
            "webSiteUrl" : "http:\/\/www.apple.com\/retail\/paloalto",
            "kSKOneBoxFilterDistanceKey" : 42197.40415323271,
            "type" : "Electronics Store",
            "rankingIndex" : 4,
            "hereNowCount" : 0,
            "providerID" : 3,
            "foursquarePOIUrl" : "https:\/\/foursquare.com\/v\/Apple%20Store,%20Palo%20Alto\/43b19c1ef964a5209d2c1fe3",
            "distance" : 42268,
            "phoneNumber" : ""
          },
          "longitude" : 37.446356,
          "subLocality" : "",
          "latitude" : 37.446356,
          "type" : 1,
          "street" : "340 University Avenue",
          "administrativeArea" : "CA",
          "houseNumber" : "",
          "expected" : false,
          "postalCode" : "94301",
          "country" : "United States",
          "name" : "Apple Store, Palo Alto",
          "locality" : "Palo Alto"
        },
        {
          "ISOcountryCode" : "US",
          "relevancyType" : 1,
          "administrativeAreaCode" : "",
          "uid" : "4a89f50cf964a520800920e3",
          "subAdministrativeArea" : "",
          "topResult" : 0,
          "additionalInformation" : {
            "rating" : 8,
            "checkinCount" : 915,
            "tipCount" : 9,
            "webSiteUrl" : "http:\/\/www.paloaltobicycles.com",
            "kSKOneBoxFilterDistanceKey" : 42255.89278820276,
            "type" : "Bike Shop",
            "rankingIndex" : 5,
            "hereNowCount" : 0,
            "providerID" : 3,
            "foursquarePOIUrl" : "https:\/\/foursquare.com\/v\/Palo%20Alto%20Bicycles\/4a89f50cf964a520800920e3",
            "distance" : 42326,
            "phoneNumber" : ""
          },
          "longitude" : 37.444547,
          "subLocality" : "",
          "latitude" : 37.444547,
          "type" : 1,
          "street" : "171 University Ave",
          "administrativeArea" : "CA",
          "houseNumber" : "",
          "expected" : false,
          "postalCode" : "94301",
          "country" : "United States",
          "name" : "Palo Alto Bicycles",
          "locality" : "Palo Alto"
        },
        {
          "ISOcountryCode" : "US",
          "relevancyType" : 1,
          "administrativeAreaCode" : "",
          "uid" : "4aa082dcf964a520e53f20e3",
          "subAdministrativeArea" : "",
          "topResult" : 0,
          "additionalInformation" : {
            "rating" : 8.800000000000001,
            "checkinCount" : 4361,
            "tipCount" : 13,
            "webSiteUrl" : "",
            "kSKOneBoxFilterDistanceKey" : 46020.10964401723,
            "type" : "Gyms",
            "rankingIndex" : 6,
            "hereNowCount" : 0,
            "providerID" : 3,
            "foursquarePOIUrl" : "https:\/\/foursquare.com\/v\/Palo%20Alto%20Family%20YMCA\/4aa082dcf964a520e53f20e3",
            "distance" : 46097,
            "phoneNumber" : ""
          },
          "longitude" : 37.428354,
          "subLocality" : "",
          "latitude" : 37.428354,
          "type" : 1,
          "street" : "3412 Ross Rd",
          "administrativeArea" : "CA",
          "houseNumber" : "",
          "expected" : false,
          "postalCode" : "94303",
          "country" : "United States",
          "name" : "Palo Alto Family YMCA",
          "locality" : "Palo Alto"
        },
        {
          "ISOcountryCode" : "US",
          "relevancyType" : 1,
          "administrativeAreaCode" : "",
          "uid" : "525990e211d2b9d152523206",
          "subAdministrativeArea" : "",
          "topResult" : 0,
          "additionalInformation" : {
            "rating" : 8.9,
            "checkinCount" : 458,
            "tipCount" : 2,
            "webSiteUrl" : "",
            "kSKOneBoxFilterDistanceKey" : 47223.97178406856,
            "type" : "Car Dealership",
            "rankingIndex" : 7,
            "hereNowCount" : 0,
            "providerID" : 3,
            "foursquarePOIUrl" : "https:\/\/foursquare.com\/v\/Tesla%20Motors%20Palo%20Alto\/525990e211d2b9d152523206",
            "distance" : 47303,
            "phoneNumber" : ""
          },
          "longitude" : 37.41121,
          "subLocality" : "",
          "latitude" : 37.41121,
          "type" : 1,
          "street" : "4180 El Camino Real",
          "administrativeArea" : "CA",
          "houseNumber" : "",
          "expected" : false,
          "postalCode" : "94306",
          "country" : "United States",
          "name" : "Tesla Motors Palo Alto",
          "locality" : "Palo Alto"
        },
        {
          "ISOcountryCode" : "US",
          "relevancyType" : 1,
          "administrativeAreaCode" : "",
          "uid" : "4ac8eebff964a52061bd20e3",
          "subAdministrativeArea" : "",
          "topResult" : 0,
          "additionalInformation" : {
            "rating" : 8.199999999999999,
            "checkinCount" : 1228,
            "tipCount" : 6,
            "webSiteUrl" : "http:\/\/www.cityofpaloalto.org\/news\/displaynews.asp?NewsID=1147&TargetID=14",
            "kSKOneBoxFilterDistanceKey" : 42610.66179078979,
            "type" : "Park",
            "rankingIndex" : 8,
            "hereNowCount" : 0,
            "providerID" : 3,
            "foursquarePOIUrl" : "https:\/\/foursquare.com\/v\/Palo%20Alto%20Heritage%20Park\/4ac8eebff964a52061bd20e3",
            "distance" : 42682,
            "phoneNumber" : ""
          },
          "longitude" : 37.443825,
          "subLocality" : "",
          "latitude" : 37.443825,
          "type" : 1,
          "street" : "300 Homer Ave",
          "administrativeArea" : "CA",
          "houseNumber" : "",
          "expected" : false,
          "postalCode" : "94301",
          "country" : "United States",
          "name" : "Palo Alto Heritage Park",
          "locality" : "Palo Alto"
        },
        {
          "ISOcountryCode" : "US",
          "relevancyType" : 1,
          "administrativeAreaCode" : "",
          "uid" : "4ac2d6f7f964a520d89a20e3",
          "subAdministrativeArea" : "",
          "topResult" : 0,
          "additionalInformation" : {
            "rating" : 8.4,
            "checkinCount" : 3406,
            "tipCount" : 41,
            "webSiteUrl" : "http:\/\/www.thefishmarket.com",
            "kSKOneBoxFilterDistanceKey" : 45608.08229714099,
            "type" : "Seafood Restaurant",
            "rankingIndex" : 9,
            "hereNowCount" : 0,
            "providerID" : 3,
            "foursquarePOIUrl" : "https:\/\/foursquare.com\/v\/The%20Fish%20Market%20Palo%20Alto\/4ac2d6f7f964a520d89a20e3",
            "distance" : 45684,
            "phoneNumber" : ""
          },
          "longitude" : 37.420989,
          "subLocality" : "",
          "latitude" : 37.420989,
          "type" : 1,
          "street" : "3150 El Camino Real",
          "administrativeArea" : "CA",
          "houseNumber" : "",
          "expected" : false,
          "postalCode" : "94306",
          "country" : "United States",
          "name" : "The Fish Market Palo Alto",
          "locality" : "Palo Alto"
        },
        {
          "ISOcountryCode" : "US",
          "relevancyType" : 1,
          "administrativeAreaCode" : "",
          "uid" : "4651f8d5f964a520e0461fe3",
          "subAdministrativeArea" : "",
          "topResult" : 0,
          "additionalInformation" : {
            "rating" : 8,
            "checkinCount" : 925,
            "tipCount" : 6,
            "webSiteUrl" : "http:\/\/www.mikesbikes.com",
            "kSKOneBoxFilterDistanceKey" : 45442.52271417866,
            "type" : "Bike Shop",
            "rankingIndex" : 10,
            "hereNowCount" : 0,
            "providerID" : 3,
            "foursquarePOIUrl" : "https:\/\/foursquare.com\/v\/Mike's%20Bikes%20of%20Palo%20Alto\/4651f8d5f964a520e0461fe3",
            "distance" : 45518,
            "phoneNumber" : ""
          },
          "longitude" : 37.422306,
          "subLocality" : "",
          "latitude" : 37.422306,
          "type" : 1,
          "street" : "3001 El Camino Real",
          "administrativeArea" : "CA",
          "houseNumber" : "",
          "expected" : false,
          "postalCode" : "94306",
          "country" : "United States",
          "name" : "Mike's Bikes of Palo Alto",
          "locality" : "Palo Alto"
        },
        {
          "ISOcountryCode" : "US",
          "relevancyType" : 1,
          "administrativeAreaCode" : "",
          "uid" : "4bd332849854d13ac021fd4d",
          "subAdministrativeArea" : "",
          "topResult" : 0,
          "additionalInformation" : {
            "rating" : 7.6,
            "checkinCount" : 190,
            "tipCount" : 4,
            "webSiteUrl" : "https:\/\/cityofpaloalto.org\/gov\/depts\/csd\/theatre\/default.asp",
            "kSKOneBoxFilterDistanceKey" : 43061.69313342163,
            "type" : "Theater",
            "rankingIndex" : 11,
            "hereNowCount" : 0,
            "providerID" : 3,
            "foursquarePOIUrl" : "https:\/\/foursquare.com\/v\/Palo%20Alto%20Children's%20Theater\/4bd332849854d13ac021fd4d",
            "distance" : 43133,
            "phoneNumber" : ""
          },
          "longitude" : 37.444794,
          "subLocality" : "",
          "latitude" : 37.444794,
          "type" : 1,
          "street" : "1305 Middlefield Rd",
          "administrativeArea" : "CA",
          "houseNumber" : "",
          "expected" : false,
          "postalCode" : "94301",
          "country" : "United States",
          "name" : "Palo Alto Children's Theater",
          "locality" : "Palo Alto"
        },
        {
          "ISOcountryCode" : "US",
          "relevancyType" : 1,
          "administrativeAreaCode" : "",
          "uid" : "44e19caaf964a5201e371fe3",
          "subAdministrativeArea" : "",
          "topResult" : 0,
          "additionalInformation" : {
            "rating" : 7.4,
            "checkinCount" : 6715,
            "tipCount" : 42,
            "webSiteUrl" : "http:\/\/www.ilfornaio.com",
            "kSKOneBoxFilterDistanceKey" : 42140.21614440179,
            "type" : "Italian Restaurant",
            "rankingIndex" : 12,
            "hereNowCount" : 0,
            "providerID" : 3,
            "foursquarePOIUrl" : "https:\/\/foursquare.com\/v\/Il%20Fornaio%20Palo%20Alto\/44e19caaf964a5201e371fe3",
            "distance" : 42210,
            "phoneNumber" : ""
          },
          "longitude" : 37.447906,
          "subLocality" : "",
          "latitude" : 37.447906,
          "type" : 1,
          "street" : "520 Cowper St",
          "administrativeArea" : "CA",
          "houseNumber" : "",
          "expected" : false,
          "postalCode" : "94301",
          "country" : "United States",
          "name" : "Il Fornaio Palo Alto",
          "locality" : "Palo Alto"
        },
        {
          "ISOcountryCode" : "US",
          "relevancyType" : 1,
          "administrativeAreaCode" : "",
          "uid" : "43c4f619f964a5205e2d1fe3",
          "subAdministrativeArea" : "",
          "topResult" : 0,
          "additionalInformation" : {
            "rating" : 7.5,
            "checkinCount" : 1276,
            "tipCount" : 16,
            "webSiteUrl" : "http:\/\/www.cityofpaloalto.org\/gov\/depts\/csd\/jmz\/",
            "kSKOneBoxFilterDistanceKey" : 43252.31699243645,
            "type" : "Museums",
            "rankingIndex" : 13,
            "hereNowCount" : 0,
            "providerID" : 3,
            "foursquarePOIUrl" : "https:\/\/foursquare.com\/v\/Palo%20Alto%20Junior%20Museum%20&%20Zoo\/43c4f619f964a5205e2d1fe3",
            "distance" : 43324,
            "phoneNumber" : ""
          },
          "longitude" : 37.443365,
          "subLocality" : "",
          "latitude" : 37.443365,
          "type" : 1,
          "street" : "1451 Middlefield Rd",
          "administrativeArea" : "CA",
          "houseNumber" : "",
          "expected" : false,
          "postalCode" : "94301",
          "country" : "United States",
          "name" : "Palo Alto Junior Museum & Zoo",
          "locality" : "Palo Alto"
        },
        {
          "ISOcountryCode" : "US",
          "relevancyType" : 1,
          "administrativeAreaCode" : "",
          "uid" : "4ac24343f964a5207b9820e3",
          "subAdministrativeArea" : "",
          "topResult" : 0,
          "additionalInformation" : {
            "rating" : 7.1,
            "checkinCount" : 617,
            "tipCount" : 7,
            "webSiteUrl" : "http:\/\/www.goodwillsv.org",
            "kSKOneBoxFilterDistanceKey" : 46773.69832212861,
            "type" : "Thrift \/ Vintage Store",
            "rankingIndex" : 14,
            "hereNowCount" : 0,
            "providerID" : 3,
            "foursquarePOIUrl" : "https:\/\/foursquare.com\/v\/Goodwill%20Palo%20Alto\/4ac24343f964a5207b9820e3",
            "distance" : 46851,
            "phoneNumber" : ""
          },
          "longitude" : 37.415077,
          "subLocality" : "",
          "latitude" : 37.415077,
          "type" : 1,
          "street" : "4085 El Camino Way",
          "administrativeArea" : "CA",
          "houseNumber" : "",
          "expected" : false,
          "postalCode" : "94306",
          "country" : "United States",
          "name" : "Goodwill Palo Alto",
          "locality" : "Palo Alto"
        },
        {
          "ISOcountryCode" : "US",
          "relevancyType" : 1,
          "administrativeAreaCode" : "",
          "uid" : "4b2555cbf964a5203a7024e3",
          "subAdministrativeArea" : "",
          "topResult" : 0,
          "additionalInformation" : {
            "rating" : 7.8,
            "checkinCount" : 1432,
            "tipCount" : 7,
            "webSiteUrl" : "http:\/\/www.pahgcc.com",
            "kSKOneBoxFilterDistanceKey" : 48764.71107477558,
            "type" : "Golf Course",
            "rankingIndex" : 15,
            "hereNowCount" : 0,
            "providerID" : 3,
            "foursquarePOIUrl" : "https:\/\/foursquare.com\/v\/Palo%20Alto%20Hills%20Golf%20&%20Country%20Club\/4b2555cbf964a5203a7024e3",
            "distance" : 48846,
            "phoneNumber" : ""
          },
          "longitude" : 37.373896,
          "subLocality" : "",
          "latitude" : 37.373896,
          "type" : 1,
          "street" : "3000 Alexis Dr",
          "administrativeArea" : "CA",
          "houseNumber" : "",
          "expected" : false,
          "postalCode" : "94304",
          "country" : "United States",
          "name" : "Palo Alto Hills Golf & Country Club",
          "locality" : "Palo Alto"
        },
        {
          "ISOcountryCode" : "US",
          "relevancyType" : 1,
          "administrativeAreaCode" : "",
          "uid" : "485ce5d2f964a520d0501fe3",
          "subAdministrativeArea" : "",
          "topResult" : 0,
          "additionalInformation" : {
            "rating" : 7.4,
            "checkinCount" : 1782,
            "tipCount" : 11,
            "webSiteUrl" : "",
            "kSKOneBoxFilterDistanceKey" : 45526.818899395,
            "type" : "Movie Theater",
            "rankingIndex" : 16,
            "hereNowCount" : 0,
            "providerID" : 3,
            "foursquarePOIUrl" : "https:\/\/foursquare.com\/v\/CineArts%20at%20Palo%20Alto%20Square\/485ce5d2f964a520d0501fe3",
            "distance" : 45603,
            "phoneNumber" : ""
          },
          "longitude" : 37.420571,
          "subLocality" : "",
          "latitude" : 37.420571,
          "type" : 1,
          "street" : "3000 El Camino Real",
          "administrativeArea" : "CA",
          "houseNumber" : "",
          "expected" : false,
          "postalCode" : "94306",
          "country" : "United States",
          "name" : "CineArts at Palo Alto Square",
          "locality" : "Palo Alto"
        },
        {
          "ISOcountryCode" : "US",
          "relevancyType" : 1,
          "administrativeAreaCode" : "",
          "uid" : "54e29323498ebb9b5d27415b",
          "subAdministrativeArea" : "",
          "topResult" : 0,
          "additionalInformation" : {
            "rating" : 7.2,
            "checkinCount" : 119,
            "tipCount" : 2,
            "webSiteUrl" : "",
            "kSKOneBoxFilterDistanceKey" : 47867.24556049092,
            "type" : "Street Food Gathering",
            "rankingIndex" : 17,
            "hereNowCount" : 0,
            "providerID" : 3,
            "foursquarePOIUrl" : "https:\/\/foursquare.com\/v\/Off%20the%20Grid:%20Palo%20Alto\/54e29323498ebb9b5d27415b",
            "distance" : 47947,
            "phoneNumber" : ""
          },
          "longitude" : 37.406253,
          "subLocality" : "",
          "latitude" : 37.406253,
          "type" : 1,
          "street" : "4290 El Camino Real",
          "administrativeArea" : "CA",
          "houseNumber" : "",
          "expected" : false,
          "postalCode" : "94306",
          "country" : "United States",
          "name" : "Off the Grid: Palo Alto",
          "locality" : "Palo Alto"
        },
        {
          "ISOcountryCode" : "US",
          "relevancyType" : 1,
          "administrativeAreaCode" : "",
          "uid" : "4b73ae9df964a52047b82de3",
          "subAdministrativeArea" : "",
          "topResult" : 0,
          "additionalInformation" : {
            "rating" : 6.9,
            "checkinCount" : 2769,
            "tipCount" : 18,
            "webSiteUrl" : "http:\/\/www.marriott.com\/hotels\/travel\/PAOCY-Courtyard-Palo-Alto-Los-Altos",
            "kSKOneBoxFilterDistanceKey" : 48057.05197037545,
            "type" : "Hotel",
            "rankingIndex" : 18,
            "hereNowCount" : 0,
            "providerID" : 3,
            "foursquarePOIUrl" : "https:\/\/foursquare.com\/v\/Courtyard%20Palo%20Alto%20Los%20Altos\/4b73ae9df964a52047b82de3",
            "distance" : 48137,
            "phoneNumber" : ""
          },
          "longitude" : 37.404837,
          "subLocality" : "",
          "latitude" : 37.404837,
          "type" : 1,
          "street" : "4320 El Camino Real",
          "administrativeArea" : "CA",
          "houseNumber" : "",
          "expected" : false,
          "postalCode" : "94022",
          "country" : "United States",
          "name" : "Courtyard Palo Alto Los Altos",
          "locality" : "Los Altos"
        },
        {
          "ISOcountryCode" : "US",
          "relevancyType" : 1,
          "administrativeAreaCode" : "",
          "uid" : "4bccc81d0245eee1884c25b9",
          "subAdministrativeArea" : "",
          "topResult" : 0,
          "additionalInformation" : {
            "rating" : 7.2,
            "checkinCount" : 1909,
            "tipCount" : 6,
            "webSiteUrl" : "http:\/\/www.marriott.com\/hotels\/travel\/paori-residence-inn-palo-alto-los-altos\/",
            "kSKOneBoxFilterDistanceKey" : 48446.2623102939,
            "type" : "Hotel",
            "rankingIndex" : 19,
            "hereNowCount" : 0,
            "providerID" : 3,
            "foursquarePOIUrl" : "https:\/\/foursquare.com\/v\/Residence%20Inn%20by%20Marriott%20Palo%20Alto%20Los%20Altos\/4bccc81d0245eee1884c25b9",
            "distance" : 48527,
            "phoneNumber" : ""
          },
          "longitude" : 37.402031,
          "subLocality" : "",
          "latitude" : 37.402031,
          "type" : 1,
          "street" : "4460 El Camino Real",
          "administrativeArea" : "CA",
          "houseNumber" : "",
          "expected" : false,
          "postalCode" : "94022",
          "country" : "United States",
          "name" : "Residence Inn by Marriott Palo Alto Los Altos",
          "locality" : "Los Altos"
        },
        {
          "ISOcountryCode" : "US",
          "relevancyType" : 1,
          "administrativeAreaCode" : "",
          "uid" : "4a8489d2f964a520e9fc1fe3",
          "subAdministrativeArea" : "",
          "topResult" : 0,
          "additionalInformation" : {
            "rating" : 7,
            "checkinCount" : 4299,
            "tipCount" : 18,
            "webSiteUrl" : "http:\/\/www.nordstrom.com",
            "kSKOneBoxFilterDistanceKey" : 42091.76521415477,
            "type" : "Clothing Store",
            "rankingIndex" : 20,
            "hereNowCount" : 0,
            "providerID" : 3,
            "foursquarePOIUrl" : "https:\/\/foursquare.com\/v\/Nordstrom%20Rack%20East%20Palo%20Alto\/4a8489d2f964a520e9fc1fe3",
            "distance" : 42162,
            "phoneNumber" : ""
          },
          "longitude" : 37.460246,
          "subLocality" : "",
          "latitude" : 37.460246,
          "type" : 1,
          "street" : "1771 E Bayshore Rd",
          "administrativeArea" : "CA",
          "houseNumber" : "",
          "expected" : false,
          "postalCode" : "94303",
          "country" : "United States",
          "name" : "Nordstrom Rack East Palo Alto",
          "locality" : "East Palo Alto"
        }
      ]
    },
    {
      "providerId" : 4,
      "providerName" : "TripAdvisor",
      "results" : [

      ]
    }
  ],
  "searchTerm" : "calafia palo alto",
  "searchLanguage" : "en",
  "latitude" : 37.76781856073684,
  "radius" : 10000
}