{
  "longitude" : -121.9834124305019,
  "results" : [
    {
      "providerId" : 5,
      "providerName" : "Apple",
      "results" : [
        {
          "ISOcountryCode" : "US",
          "relevancyType" : 1,
          "administrativeAreaCode" : "",
          "uid" : "",
          "subAdministrativeArea" : "Santa Clara",
          "topResult" : 0,
          "additionalInformation" : {
            "kSKOneBoxFilterDistanceKey" : 192.9286120678051,
            "rankingIndex" : 1
          },
          "longitude" : 37.38626022290343,
          "subLocality" : "Scott Martin",
          "latitude" : 37.38626022290343,
          "type" : 1,
          "street" : "Lakeside Dr",
          "administrativeArea" : "CA",
          "houseNumber" : "",
          "expected" : true,
          "postalCode" : "95054",
          "country" : "United States",
          "name" : "Lakeside Dr",
          "locality" : "Santa Clara"
        }
      ]
    },
    {
      "providerId" : 1,
      "providerName" : "OpenStreetMap",
      "results" : [
        {
          "ISOcountryCode" : "US",
          "relevancyType" : 1,
          "administrativeAreaCode" : "",
          "uid" : "",
          "subAdministrativeArea" : "",
          "topResult" : 0,
          "additionalInformation" : {
            "providerID" : 1,
            "mainCategory" : 0,
            "category" : -1,
            "skMapsCategoryId" : 0,
            "rankingIndex" : 1,
            "kSKOneBoxFilterDistanceKey" : 352.725339509922,
            "identifier" : 0
          },
          "longitude" : 37.38498306274414,
          "subLocality" : "",
          "latitude" : 37.38498306274414,
          "type" : 0,
          "street" : "",
          "administrativeArea" : "California",
          "houseNumber" : "",
          "expected" : true,
          "postalCode" : "",
          "country" : "United States of America",
          "name" : " [93092] Lakeside Drive",
          "locality" : "Santa Clara"
        }
      ]
    },
    {
      "providerId" : 6,
      "providerName" : "Telenav",
      "results" : [
        {
          "ISOcountryCode" : "",
          "relevancyType" : 1,
          "administrativeAreaCode" : "",
          "uid" : "",
          "subAdministrativeArea" : "",
          "topResult" : 0,
          "additionalInformation" : {
            "providerID" : 6,
            "rankingIndex" : 1,
            "kSKOneBoxFilterDistanceKey" : 365.4390885907772
          },
          "longitude" : 37.38815,
          "subLocality" : "",
          "latitude" : 37.38815,
          "type" : 0,
          "street" : "Lakeside Dr",
          "administrativeArea" : "CA",
          "houseNumber" : "",
          "expected" : true,
          "postalCode" : "95054",
          "country" : "USA",
          "name" : "",
          "locality" : "Santa Clara"
        },
        {
          "ISOcountryCode" : "",
          "relevancyType" : 1,
          "administrativeAreaCode" : "",
          "uid" : "",
          "subAdministrativeArea" : "",
          "topResult" : 0,
          "additionalInformation" : {
            "providerID" : 6,
            "rankingIndex" : 2,
            "kSKOneBoxFilterDistanceKey" : 881.2842877138515
          },
          "longitude" : 37.38695,
          "subLocality" : "",
          "latitude" : 37.38695,
          "type" : 0,
          "street" : "Lakeside Dr",
          "administrativeArea" : "CA",
          "houseNumber" : "",
          "expected" : true,
          "postalCode" : "94085",
          "country" : "USA",
          "name" : "",
          "locality" : "Sunnyvale"
        },
        {
          "ISOcountryCode" : "",
          "relevancyType" : 1,
          "administrativeAreaCode" : "",
          "uid" : "",
          "subAdministrativeArea" : "",
          "topResult" : 0,
          "additionalInformation" : {
            "providerID" : 6,
            "rankingIndex" : 3,
            "kSKOneBoxFilterDistanceKey" : 20001.34732075129
          },
          "longitude" : 37.31826,
          "subLocality" : "",
          "latitude" : 37.31826,
          "type" : 0,
          "street" : "Lakeside Dr",
          "administrativeArea" : "CA",
          "houseNumber" : "",
          "expected" : true,
          "postalCode" : "95148",
          "country" : "USA",
          "name" : "",
          "locality" : "San Jose"
        }
      ]
    },
    {
      "providerId" : 2,
      "providerName" : "Recents",
      "results" : [
        {
          "ISOcountryCode" : "US",
          "relevancyType" : 1,
          "administrativeAreaCode" : "",
          "uid" : "51454543e4b027a901e9d757",
          "subAdministrativeArea" : "",
          "topResult" : 0,
          "additionalInformation" : {
            "rating" : 0,
            "checkinCount" : 32,
            "tipCount" : 0,
            "webSiteUrl" : "",
            "kSKOneBoxFilterDistanceKey" : 52468.71795396828,
            "locationSuggestion" : true,
            "type" : "Residential Building (Apartment \/ Condo)",
            "rankingIndex" : 1,
            "hereNowCount" : 0,
            "providerID" : 3,
            "foursquarePOIUrl" : "https:\/\/foursquare.com\/v\/1%20Lakeside%20Dr\/51454543e4b027a901e9d757",
            "distance" : 52556,
            "phoneNumber" : ""
          },
          "longitude" : 37.804027,
          "subLocality" : "",
          "latitude" : 37.804027,
          "type" : 1,
          "street" : "1 Lakeside Dr",
          "administrativeArea" : "CA",
          "houseNumber" : "",
          "expected" : false,
          "postalCode" : "94612",
          "country" : "United States",
          "name" : "1 Lakeside Dr",
          "locality" : "Oakland"
        }
      ]
    },
    {
      "providerId" : 11,
      "providerName" : "Yelp",
      "results" : [
        {
          "ISOcountryCode" : "US",
          "relevancyType" : 2,
          "administrativeAreaCode" : "",
          "uid" : "",
          "subAdministrativeArea" : "",
          "topResult" : 0,
          "additionalInformation" : {
            "rating" : 3,
            "phoneNumber" : "8888240088",
            "reviewCount" : 285,
            "yelpPOIUrl" : "http:\/\/www.yelp.com\/biz\/stevens-creek-hyundai-santa-clara?utm_campaign=yelp_api&utm_medium=api_v2_search&utm_source=FNCwHrsrGjQ5rpQcV5oRqw",
            "kSKOneBoxFilterDistanceKey" : 6969.556728657122,
            "rankingIndex" : 1,
            "providerID" : 11,
            "distance" : 6979,
            "displayPhone" : "+1-888-824-0088",
            "mobileUrl" : "http:\/\/m.yelp.com\/biz\/stevens-creek-hyundai-santa-clara?utm_campaign=yelp_api&utm_medium=api_v2_search&utm_source=FNCwHrsrGjQ5rpQcV5oRqw",
            "resultId" : "stevens-creek-hyundai-santa-clara"
          },
          "longitude" : 37.3236504,
          "subLocality" : "",
          "latitude" : 37.3236504,
          "type" : 1,
          "street" : "4425 Stevens Creek Blvd",
          "administrativeArea" : "CA",
          "houseNumber" : "",
          "expected" : false,
          "postalCode" : "95051",
          "country" : "",
          "name" : "Stevens Creek Hyundai",
          "locality" : "Santa Clara"
        },
        {
          "ISOcountryCode" : "US",
          "relevancyType" : 1,
          "administrativeAreaCode" : "",
          "uid" : "",
          "subAdministrativeArea" : "",
          "topResult" : 0,
          "additionalInformation" : {
            "rating" : 3,
            "phoneNumber" : "4088656970",
            "reviewCount" : 1264,
            "yelpPOIUrl" : "http:\/\/www.yelp.com\/biz\/bjs-restaurant-and-brewhouse-cupertino?utm_campaign=yelp_api&utm_medium=api_v2_search&utm_source=FNCwHrsrGjQ5rpQcV5oRqw",
            "kSKOneBoxFilterDistanceKey" : 7447.912267110626,
            "rankingIndex" : 2,
            "providerID" : 11,
            "distance" : 7452,
            "displayPhone" : "+1-408-865-6970",
            "mobileUrl" : "http:\/\/m.yelp.com\/biz\/bjs-restaurant-and-brewhouse-cupertino?utm_campaign=yelp_api&utm_medium=api_v2_search&utm_source=FNCwHrsrGjQ5rpQcV5oRqw",
            "resultId" : "bjs-restaurant-and-brewhouse-cupertino"
          },
          "longitude" : 37.331295,
          "subLocality" : "",
          "latitude" : 37.331295,
          "type" : 1,
          "street" : "10690 N. De Anza Blvd.",
          "administrativeArea" : "CA",
          "houseNumber" : "",
          "expected" : false,
          "postalCode" : "95014",
          "country" : "",
          "name" : "BJ's Restaurant & Brewhouse",
          "locality" : "Cupertino"
        }
      ]
    },
    {
      "providerId" : 16,
      "providerName" : "Google",
      "results" : [
        {
          "ISOcountryCode" : "",
          "relevancyType" : 1,
          "administrativeAreaCode" : "",
          "uid" : "ChIJ5T3qvSC2j4ARzq5BxwJwXUs",
          "subAdministrativeArea" : "",
          "topResult" : 0,
          "additionalInformation" : {
            "ranking" : 0,
            "kSKOneBoxFilterDistanceKey" : 952.4566014475811,
            "providerID" : 15,
            "onelineAddress" : "1257 Lakeside Drive #200, Sunnyvale",
            "rankingIndex" : 1
          },
          "longitude" : 37.388608,
          "subLocality" : "",
          "latitude" : 37.388608,
          "type" : 1,
          "street" : "",
          "administrativeArea" : "",
          "houseNumber" : "",
          "expected" : true,
          "postalCode" : "",
          "country" : "",
          "name" : "Grace Chiropractic & Massage",
          "locality" : ""
        },
        {
          "ISOcountryCode" : "US",
          "relevancyType" : 1,
          "administrativeAreaCode" : "VA",
          "uid" : "",
          "subAdministrativeArea" : "",
          "topResult" : 0,
          "additionalInformation" : {
            "providerID" : 14,
            "rankingIndex" : 2,
            "kSKOneBoxFilterDistanceKey" : 3743926.111196765,
            "ranking" : 1
          },
          "longitude" : 37.401041,
          "subLocality" : "",
          "latitude" : 37.401041,
          "type" : 0,
          "street" : "Lakeside Drive",
          "administrativeArea" : "Virginia",
          "houseNumber" : "",
          "expected" : true,
          "postalCode" : "",
          "country" : "United States",
          "name" : "Lakeside Dr, Lynchburg, VA, USA",
          "locality" : "Lynchburg"
        },
        {
          "ISOcountryCode" : "",
          "relevancyType" : 1,
          "administrativeAreaCode" : "",
          "uid" : "ChIJORUH-N_Jj4ARIrWbssMTeVw",
          "subAdministrativeArea" : "",
          "topResult" : 0,
          "additionalInformation" : {
            "ranking" : 2,
            "kSKOneBoxFilterDistanceKey" : 873.4282505923364,
            "providerID" : 15,
            "onelineAddress" : "550 Lakeside Drive #8, Sunnyvale",
            "rankingIndex" : 3
          },
          "longitude" : 37.38581,
          "subLocality" : "",
          "latitude" : 37.38581,
          "type" : 1,
          "street" : "",
          "administrativeArea" : "",
          "houseNumber" : "",
          "expected" : true,
          "postalCode" : "",
          "country" : "",
          "name" : "Ping Ping Lee, Lac",
          "locality" : ""
        },
        {
          "ISOcountryCode" : "",
          "relevancyType" : 1,
          "administrativeAreaCode" : "",
          "uid" : "ChIJvaF_vOfJj4ARAr614TvZHHI",
          "subAdministrativeArea" : "",
          "topResult" : 0,
          "additionalInformation" : {
            "ranking" : 3,
            "kSKOneBoxFilterDistanceKey" : 46.33968843860094,
            "providerID" : 15,
            "onelineAddress" : "3100 Lakeside Drive, Santa Clara",
            "rankingIndex" : 4
          },
          "longitude" : 37.386661,
          "subLocality" : "",
          "latitude" : 37.386661,
          "type" : 1,
          "street" : "",
          "administrativeArea" : "",
          "houseNumber" : "",
          "expected" : true,
          "postalCode" : "",
          "country" : "",
          "name" : "The Plaza Suites",
          "locality" : ""
        },
        {
          "ISOcountryCode" : "",
          "relevancyType" : 1,
          "administrativeAreaCode" : "",
          "uid" : "ChIJXZ7-PO_Jj4ARtLjwUdsPSA0",
          "subAdministrativeArea" : "",
          "topResult" : 0,
          "additionalInformation" : {
            "ranking" : 4,
            "kSKOneBoxFilterDistanceKey" : 528.7762588883832,
            "providerID" : 15,
            "onelineAddress" : "2877 Lakeside Drive, Santa Clara",
            "rankingIndex" : 5
          },
          "longitude" : 37.383182,
          "subLocality" : "",
          "latitude" : 37.383182,
          "type" : 1,
          "street" : "",
          "administrativeArea" : "",
          "houseNumber" : "",
          "expected" : true,
          "postalCode" : "",
          "country" : "",
          "name" : "TownePlace Suites San Jose Santa Clara",
          "locality" : ""
        },
        {
          "ISOcountryCode" : "",
          "relevancyType" : 1,
          "administrativeAreaCode" : "",
          "uid" : "ChIJgUUU0ujJj4ARHcjFGVd_CAM",
          "subAdministrativeArea" : "",
          "topResult" : 0,
          "additionalInformation" : {
            "ranking" : 5,
            "kSKOneBoxFilterDistanceKey" : 421.6160306697441,
            "providerID" : 15,
            "onelineAddress" : "2909 Lakeside Drive, Santa Clara",
            "rankingIndex" : 6
          },
          "longitude" : 37.384615,
          "subLocality" : "",
          "latitude" : 37.384615,
          "type" : 1,
          "street" : "",
          "administrativeArea" : "",
          "houseNumber" : "",
          "expected" : true,
          "postalCode" : "",
          "country" : "",
          "name" : "Taste Restaurant Nightclub",
          "locality" : ""
        },
        {
          "ISOcountryCode" : "",
          "relevancyType" : 1,
          "administrativeAreaCode" : "",
          "uid" : "ChIJORUH-N_Jj4ARHAgeM3CdNcI",
          "subAdministrativeArea" : "",
          "topResult" : 0,
          "additionalInformation" : {
            "ranking" : 6,
            "kSKOneBoxFilterDistanceKey" : 873.4282505923364,
            "providerID" : 15,
            "onelineAddress" : "550 Lakeside Drive # 10, Sunnyvale",
            "rankingIndex" : 7
          },
          "longitude" : 37.38581,
          "subLocality" : "",
          "latitude" : 37.38581,
          "type" : 1,
          "street" : "",
          "administrativeArea" : "",
          "houseNumber" : "",
          "expected" : true,
          "postalCode" : "",
          "country" : "",
          "name" : "Training For Life Saving",
          "locality" : ""
        },
        {
          "ISOcountryCode" : "",
          "relevancyType" : 1,
          "administrativeAreaCode" : "",
          "uid" : "ChIJORUH-N_Jj4AR55OufP98YNQ",
          "subAdministrativeArea" : "",
          "topResult" : 0,
          "additionalInformation" : {
            "ranking" : 7,
            "kSKOneBoxFilterDistanceKey" : 836.3141194916191,
            "providerID" : 15,
            "onelineAddress" : "550 Lakeside Drive #3a, Sunnyvale",
            "rankingIndex" : 8
          },
          "longitude" : 37.385837,
          "subLocality" : "",
          "latitude" : 37.385837,
          "type" : 1,
          "street" : "",
          "administrativeArea" : "",
          "houseNumber" : "",
          "expected" : true,
          "postalCode" : "",
          "country" : "",
          "name" : "PC CARE US",
          "locality" : ""
        },
        {
          "ISOcountryCode" : "",
          "relevancyType" : 1,
          "administrativeAreaCode" : "",
          "uid" : "ChIJuQKPvSC2j4AR4nQHWe4RwKU",
          "subAdministrativeArea" : "",
          "topResult" : 0,
          "additionalInformation" : {
            "ranking" : 8,
            "kSKOneBoxFilterDistanceKey" : 1017.289813475892,
            "providerID" : 15,
            "onelineAddress" : "1269 Lakeside Drive, Sunnyvale",
            "rankingIndex" : 9
          },
          "longitude" : 37.389778,
          "subLocality" : "",
          "latitude" : 37.389778,
          "type" : 1,
          "street" : "",
          "administrativeArea" : "",
          "houseNumber" : "",
          "expected" : true,
          "postalCode" : "",
          "country" : "",
          "name" : "Dr. Asha Sethu Madhavan",
          "locality" : ""
        },
        {
          "ISOcountryCode" : "",
          "relevancyType" : 1,
          "administrativeAreaCode" : "",
          "uid" : "ChIJE8SC2B-2j4ARdPLJjOKlkko",
          "subAdministrativeArea" : "",
          "topResult" : 0,
          "additionalInformation" : {
            "ranking" : 9,
            "kSKOneBoxFilterDistanceKey" : 883.7330158381684,
            "providerID" : 15,
            "onelineAddress" : "490 Lakeside Drive, Sunnyvale",
            "rankingIndex" : 10
          },
          "longitude" : 37.383643,
          "subLocality" : "",
          "latitude" : 37.383643,
          "type" : 1,
          "street" : "",
          "administrativeArea" : "",
          "houseNumber" : "",
          "expected" : true,
          "postalCode" : "",
          "country" : "",
          "name" : "Thermo Fisher Scientific B6",
          "locality" : ""
        },
        {
          "ISOcountryCode" : "",
          "relevancyType" : 1,
          "administrativeAreaCode" : "",
          "uid" : "ChIJH8QPCCC2j4ARrph_o4agr1Y",
          "subAdministrativeArea" : "",
          "topResult" : 0,
          "additionalInformation" : {
            "ranking" : 10,
            "kSKOneBoxFilterDistanceKey" : 835.6692711665223,
            "providerID" : 15,
            "onelineAddress" : "550 Lakeside Drive #10, Sunnyvale",
            "rankingIndex" : 11
          },
          "longitude" : 37.385854,
          "subLocality" : "",
          "latitude" : 37.385854,
          "type" : 1,
          "street" : "",
          "administrativeArea" : "",
          "houseNumber" : "",
          "expected" : true,
          "postalCode" : "",
          "country" : "",
          "name" : "Reachpoint Homecare & Resources",
          "locality" : ""
        },
        {
          "ISOcountryCode" : "",
          "relevancyType" : 1,
          "administrativeAreaCode" : "",
          "uid" : "ChIJ9z7zTTy2j4ARhDCGCKBsdwQ",
          "subAdministrativeArea" : "",
          "topResult" : 0,
          "additionalInformation" : {
            "ranking" : 11,
            "kSKOneBoxFilterDistanceKey" : 835.6692711665223,
            "providerID" : 15,
            "onelineAddress" : "550 Lakeside Drive #5, Sunnyvale",
            "rankingIndex" : 12
          },
          "longitude" : 37.385854,
          "subLocality" : "",
          "latitude" : 37.385854,
          "type" : 1,
          "street" : "",
          "administrativeArea" : "",
          "houseNumber" : "",
          "expected" : true,
          "postalCode" : "",
          "country" : "",
          "name" : "Unison Spine Center",
          "locality" : ""
        },
        {
          "ISOcountryCode" : "",
          "relevancyType" : 2,
          "administrativeAreaCode" : "",
          "uid" : "ChIJC-d4viC2j4ARERmj-jkVP_Y",
          "subAdministrativeArea" : "",
          "topResult" : 0,
          "additionalInformation" : {
            "ranking" : 12,
            "kSKOneBoxFilterDistanceKey" : 952.4566014475811,
            "providerID" : 15,
            "onelineAddress" : "1257 Lakeside Drive, Sunnyvale",
            "rankingIndex" : 13
          },
          "longitude" : 37.388608,
          "subLocality" : "",
          "latitude" : 37.388608,
          "type" : 1,
          "street" : "",
          "administrativeArea" : "",
          "houseNumber" : "",
          "expected" : true,
          "postalCode" : "",
          "country" : "",
          "name" : "Avalon Silicon Valley",
          "locality" : ""
        },
        {
          "ISOcountryCode" : "",
          "relevancyType" : 2,
          "administrativeAreaCode" : "",
          "uid" : "ChIJmRgoJ-_Jj4ARwoqzJv7cydk",
          "subAdministrativeArea" : "",
          "topResult" : 0,
          "additionalInformation" : {
            "ranking" : 13,
            "kSKOneBoxFilterDistanceKey" : 514.3799014115392,
            "providerID" : 15,
            "onelineAddress" : "2885 Lakeside Drive, Santa Clara",
            "rankingIndex" : 14
          },
          "longitude" : 37.383887,
          "subLocality" : "",
          "latitude" : 37.383887,
          "type" : 1,
          "street" : "",
          "administrativeArea" : "",
          "houseNumber" : "",
          "expected" : true,
          "postalCode" : "",
          "country" : "",
          "name" : "Embassy Suites by Hilton Santa Clara Silicon Valley",
          "locality" : ""
        },
        {
          "ISOcountryCode" : "",
          "relevancyType" : 2,
          "administrativeAreaCode" : "",
          "uid" : "ChIJj08oCSC2j4ARcL-wm_24DIo",
          "subAdministrativeArea" : "",
          "topResult" : 0,
          "additionalInformation" : {
            "ranking" : 14,
            "kSKOneBoxFilterDistanceKey" : 839.8537787397582,
            "providerID" : 15,
            "onelineAddress" : "550 Lakeside Drive, Sunnyvale",
            "rankingIndex" : 15
          },
          "longitude" : 37.385861,
          "subLocality" : "",
          "latitude" : 37.385861,
          "type" : 1,
          "street" : "",
          "administrativeArea" : "",
          "houseNumber" : "",
          "expected" : true,
          "postalCode" : "",
          "country" : "",
          "name" : "Teanado",
          "locality" : ""
        },
        {
          "ISOcountryCode" : "",
          "relevancyType" : 2,
          "administrativeAreaCode" : "",
          "uid" : "ChIJWdXxlujJj4ARXf3U7ahXC4w",
          "subAdministrativeArea" : "",
          "topResult" : 0,
          "additionalInformation" : {
            "ranking" : 15,
            "kSKOneBoxFilterDistanceKey" : 274.0705359021932,
            "providerID" : 15,
            "onelineAddress" : "2950 Lakeside Drive, Santa Clara",
            "rankingIndex" : 16
          },
          "longitude" : 37.385313,
          "subLocality" : "",
          "latitude" : 37.385313,
          "type" : 1,
          "street" : "",
          "administrativeArea" : "",
          "houseNumber" : "",
          "expected" : true,
          "postalCode" : "",
          "country" : "",
          "name" : "El Torito",
          "locality" : ""
        },
        {
          "ISOcountryCode" : "",
          "relevancyType" : 2,
          "administrativeAreaCode" : "",
          "uid" : "ChIJc3UoXOfJj4AR-SJaUzcm1Rc",
          "subAdministrativeArea" : "",
          "topResult" : 0,
          "additionalInformation" : {
            "ranking" : 16,
            "kSKOneBoxFilterDistanceKey" : 103.0959930651227,
            "providerID" : 15,
            "onelineAddress" : "3200 Lakeside Drive, Santa Clara",
            "rankingIndex" : 17
          },
          "longitude" : 37.386345,
          "subLocality" : "",
          "latitude" : 37.386345,
          "type" : 1,
          "street" : "",
          "administrativeArea" : "",
          "houseNumber" : "",
          "expected" : true,
          "postalCode" : "",
          "country" : "",
          "name" : "Abbott Vascular Inc",
          "locality" : ""
        },
        {
          "ISOcountryCode" : "",
          "relevancyType" : 2,
          "administrativeAreaCode" : "",
          "uid" : "ChIJI0GdACC2j4ARsFQm3LZMIAg",
          "subAdministrativeArea" : "",
          "topResult" : 0,
          "additionalInformation" : {
            "ranking" : 17,
            "kSKOneBoxFilterDistanceKey" : 835.7721845434619,
            "providerID" : 15,
            "onelineAddress" : "542 Lakeside Drive, Sunnyvale",
            "rankingIndex" : 18
          },
          "longitude" : 37.385425,
          "subLocality" : "",
          "latitude" : 37.385425,
          "type" : 1,
          "street" : "",
          "administrativeArea" : "",
          "houseNumber" : "",
          "expected" : true,
          "postalCode" : "",
          "country" : "",
          "name" : "Sichuan Gourmet",
          "locality" : ""
        },
        {
          "ISOcountryCode" : "",
          "relevancyType" : 2,
          "administrativeAreaCode" : "",
          "uid" : "ChIJj41iA-u6j4ARe1LpHJ-S9oo",
          "subAdministrativeArea" : "",
          "topResult" : 0,
          "additionalInformation" : {
            "ranking" : 18,
            "kSKOneBoxFilterDistanceKey" : 1059.32037669647,
            "providerID" : 15,
            "onelineAddress" : "433 Lakeside Drive, Sunnyvale",
            "rankingIndex" : 19
          },
          "longitude" : 37.381494,
          "subLocality" : "",
          "latitude" : 37.381494,
          "type" : 1,
          "street" : "",
          "administrativeArea" : "",
          "houseNumber" : "",
          "expected" : true,
          "postalCode" : "",
          "country" : "",
          "name" : "RoboteX",
          "locality" : ""
        },
        {
          "ISOcountryCode" : "",
          "relevancyType" : 2,
          "administrativeAreaCode" : "",
          "uid" : "ChIJORUH-N_Jj4ARs1OqmwmVHls",
          "subAdministrativeArea" : "",
          "topResult" : 0,
          "additionalInformation" : {
            "ranking" : 19,
            "kSKOneBoxFilterDistanceKey" : 836.3141194916191,
            "providerID" : 15,
            "onelineAddress" : "550 Lakeside Drive #7, Sunnyvale",
            "rankingIndex" : 20
          },
          "longitude" : 37.385837,
          "subLocality" : "",
          "latitude" : 37.385837,
          "type" : 1,
          "street" : "",
          "administrativeArea" : "",
          "houseNumber" : "",
          "expected" : true,
          "postalCode" : "",
          "country" : "",
          "name" : "Sal's Airport & Limo",
          "locality" : ""
        },
        {
          "ISOcountryCode" : "",
          "relevancyType" : 2,
          "administrativeAreaCode" : "",
          "uid" : "ChIJORUH-N_Jj4AROnzh-1w5uK0",
          "subAdministrativeArea" : "",
          "topResult" : 0,
          "additionalInformation" : {
            "ranking" : 20,
            "kSKOneBoxFilterDistanceKey" : 834.4768420747032,
            "providerID" : 15,
            "onelineAddress" : "550 Lakeside Drive # 4, Sunnyvale",
            "rankingIndex" : 21
          },
          "longitude" : 37.385918,
          "subLocality" : "",
          "latitude" : 37.385918,
          "type" : 1,
          "street" : "",
          "administrativeArea" : "",
          "houseNumber" : "",
          "expected" : true,
          "postalCode" : "",
          "country" : "",
          "name" : "A Touch of Silk Nail & Hair",
          "locality" : ""
        }
      ]
    },
    {
      "providerId" : 3,
      "providerName" : "Foursqare",
      "results" : [
        {
          "ISOcountryCode" : "US",
          "relevancyType" : 1,
          "administrativeAreaCode" : "",
          "uid" : "51454543e4b027a901e9d757",
          "subAdministrativeArea" : "",
          "topResult" : 0,
          "additionalInformation" : {
            "rating" : 0,
            "checkinCount" : 32,
            "tipCount" : 0,
            "webSiteUrl" : "",
            "kSKOneBoxFilterDistanceKey" : 52468.71795396828,
            "type" : "Residential Building (Apartment \/ Condo)",
            "rankingIndex" : 1,
            "hereNowCount" : 0,
            "providerID" : 3,
            "foursquarePOIUrl" : "https:\/\/foursquare.com\/v\/1%20Lakeside%20Dr\/51454543e4b027a901e9d757",
            "distance" : 52556,
            "phoneNumber" : ""
          },
          "longitude" : 37.804027,
          "subLocality" : "",
          "latitude" : 37.804027,
          "type" : 1,
          "street" : "1 Lakeside Dr",
          "administrativeArea" : "CA",
          "houseNumber" : "",
          "expected" : true,
          "postalCode" : "94612",
          "country" : "United States",
          "name" : "1 Lakeside Dr",
          "locality" : "Oakland"
        },
        {
          "ISOcountryCode" : "US",
          "relevancyType" : 1,
          "administrativeAreaCode" : "",
          "uid" : "54a62502498e3dc75acf6b8e",
          "subAdministrativeArea" : "",
          "topResult" : 0,
          "additionalInformation" : {
            "rating" : 0,
            "checkinCount" : 24,
            "tipCount" : 1,
            "webSiteUrl" : "",
            "kSKOneBoxFilterDistanceKey" : 53023.95177485261,
            "type" : "Lake",
            "rankingIndex" : 2,
            "hereNowCount" : 0,
            "providerID" : 3,
            "foursquarePOIUrl" : "https:\/\/foursquare.com\/v\/Lake%20Merritt%20(Lakeside%20Dr)\/54a62502498e3dc75acf6b8e",
            "distance" : 53112,
            "phoneNumber" : ""
          },
          "longitude" : 37.807588,
          "subLocality" : "",
          "latitude" : 37.807588,
          "type" : 1,
          "street" : "Lakeside Dr",
          "administrativeArea" : "CA",
          "houseNumber" : "",
          "expected" : true,
          "postalCode" : "",
          "country" : "United States",
          "name" : "Lake Merritt (Lakeside Dr)",
          "locality" : "Oakland"
        },
        {
          "ISOcountryCode" : "US",
          "relevancyType" : 1,
          "administrativeAreaCode" : "",
          "uid" : "4d2b42ad55a8b60ce948e6c0",
          "subAdministrativeArea" : "",
          "topResult" : 0,
          "additionalInformation" : {
            "rating" : 0,
            "checkinCount" : 75,
            "tipCount" : 0,
            "webSiteUrl" : "",
            "kSKOneBoxFilterDistanceKey" : 331.3160092645293,
            "type" : "Office",
            "rankingIndex" : 3,
            "hereNowCount" : 0,
            "providerID" : 3,
            "foursquarePOIUrl" : "https:\/\/foursquare.com\/v\/2900%20Lakeside%20Drive\/4d2b42ad55a8b60ce948e6c0",
            "distance" : 331,
            "phoneNumber" : ""
          },
          "longitude" : 37.384532,
          "subLocality" : "",
          "latitude" : 37.384532,
          "type" : 1,
          "street" : "2900 Lakeside Dr",
          "administrativeArea" : "CA",
          "houseNumber" : "",
          "expected" : true,
          "postalCode" : "95054",
          "country" : "United States",
          "name" : "2900 Lakeside Drive",
          "locality" : "Santa Clara"
        },
        {
          "ISOcountryCode" : "US",
          "relevancyType" : 1,
          "administrativeAreaCode" : "",
          "uid" : "4c4f179bf53d0f473e179ba7",
          "subAdministrativeArea" : "",
          "topResult" : 0,
          "additionalInformation" : {
            "rating" : 0,
            "checkinCount" : 16,
            "tipCount" : 0,
            "webSiteUrl" : "",
            "kSKOneBoxFilterDistanceKey" : 53065.07812350662,
            "rankingIndex" : 4,
            "hereNowCount" : 0,
            "providerID" : 3,
            "foursquarePOIUrl" : "https:\/\/foursquare.com\/v\/300%20Lakeside%20drive\/4c4f179bf53d0f473e179ba7",
            "distance" : 53153,
            "phoneNumber" : ""
          },
          "longitude" : 37.809081,
          "subLocality" : "",
          "latitude" : 37.809081,
          "type" : 1,
          "street" : "300 Lakeside Dr",
          "administrativeArea" : "CA",
          "houseNumber" : "",
          "expected" : true,
          "postalCode" : "94612",
          "country" : "United States",
          "name" : "300 Lakeside drive",
          "locality" : "Oakland"
        }
      ]
    },
    {
      "providerId" : 4,
      "providerName" : "TripAdvisor",
      "results" : [

      ]
    }
  ],
  "searchTerm" : "lakeside dr",
  "searchLanguage" : "en",
  "latitude" : 37.38630712230302,
  "radius" : 10000
}