{
  "longitude" : 23.59199523923623,
  "results" : [
    {
      "providerId" : 5,
      "providerName" : "Apple",
      "results" : [
        {
          "ISOcountryCode" : "IT",
          "relevancyType" : 1,
          "administrativeAreaCode" : "",
          "uid" : "",
          "subAdministrativeArea" : "Padua",
          "topResult" : 0,
          "additionalInformation" : {
            "kSKOneBoxFilterDistanceKey" : 897551.6302368733,
            "rankingIndex" : 1
          },
          "longitude" : 45.59243980993531,
          "subLocality" : "",
          "latitude" : 45.59243980993531,
          "type" : 1,
          "street" : "Via Ronchi",
          "administrativeArea" : "Veneto",
          "houseNumber" : "1",
          "expected" : false,
          "postalCode" : "35010",
          "country" : "Italy",
          "name" : "Baracca Storica Hostaria",
          "locality" : "Trebaseleghe"
        }
      ]
    },
    {
      "providerId" : 1,
      "providerName" : "OpenStreetMap",
      "results" : [
        {
          "ISOcountryCode" : "IT",
          "relevancyType" : 1,
          "administrativeAreaCode" : "",
          "uid" : "",
          "subAdministrativeArea" : "",
          "topResult" : 0,
          "additionalInformation" : {
            "providerID" : 1,
            "mainCategory" : 0,
            "category" : -1,
            "skMapsCategoryId" : 120,
            "rankingIndex" : 1,
            "kSKOneBoxFilterDistanceKey" : 1130438.122380374,
            "identifier" : 0
          },
          "longitude" : 44.91001892089844,
          "subLocality" : "",
          "latitude" : 44.91001892089844,
          "type" : 0,
          "street" : "",
          "administrativeArea" : "Lombardy",
          "houseNumber" : "",
          "expected" : false,
          "postalCode" : "",
          "country" : "Italy",
          "name" : " [4309] Località Baracco",
          "locality" : "Fortunago"
        },
        {
          "ISOcountryCode" : "IT",
          "relevancyType" : 1,
          "administrativeAreaCode" : "",
          "uid" : "",
          "subAdministrativeArea" : "",
          "topResult" : 0,
          "additionalInformation" : {
            "providerID" : 1,
            "mainCategory" : 0,
            "category" : -1,
            "skMapsCategoryId" : 0,
            "rankingIndex" : 2,
            "kSKOneBoxFilterDistanceKey" : 1111780.426151826,
            "identifier" : 0
          },
          "longitude" : 45.45032501220703,
          "subLocality" : "",
          "latitude" : 45.45032501220703,
          "type" : 0,
          "street" : "",
          "administrativeArea" : "Lombardy",
          "houseNumber" : "",
          "expected" : false,
          "postalCode" : "",
          "country" : "Italy",
          "name" : " [4009] Via Baracca Francesco",
          "locality" : "Rogoredo"
        },
        {
          "ISOcountryCode" : "IT",
          "relevancyType" : 1,
          "administrativeAreaCode" : "",
          "uid" : "",
          "subAdministrativeArea" : "",
          "topResult" : 0,
          "additionalInformation" : {
            "providerID" : 1,
            "mainCategory" : 0,
            "category" : -1,
            "skMapsCategoryId" : 0,
            "rankingIndex" : 3,
            "kSKOneBoxFilterDistanceKey" : 1103350.203058104,
            "identifier" : 0
          },
          "longitude" : 45.71610641479492,
          "subLocality" : "",
          "latitude" : 45.71610641479492,
          "type" : 0,
          "street" : "",
          "administrativeArea" : "Lombardy",
          "houseNumber" : "",
          "expected" : false,
          "postalCode" : "",
          "country" : "Italy",
          "name" : " [4009] Via Baracca",
          "locality" : "Villanova"
        },
        {
          "ISOcountryCode" : "IT",
          "relevancyType" : 1,
          "administrativeAreaCode" : "",
          "uid" : "",
          "subAdministrativeArea" : "",
          "topResult" : 0,
          "additionalInformation" : {
            "providerID" : 1,
            "mainCategory" : 0,
            "category" : -1,
            "skMapsCategoryId" : 0,
            "rankingIndex" : 4,
            "kSKOneBoxFilterDistanceKey" : 1080827.438051707,
            "identifier" : 0
          },
          "longitude" : 43.81280517578125,
          "subLocality" : "",
          "latitude" : 43.81280517578125,
          "type" : 0,
          "street" : "",
          "administrativeArea" : "Tuscany",
          "houseNumber" : "",
          "expected" : false,
          "postalCode" : "",
          "country" : "Italy",
          "name" : " [4009] Via Baracca",
          "locality" : "Balbano"
        },
        {
          "ISOcountryCode" : "IT",
          "relevancyType" : 1,
          "administrativeAreaCode" : "",
          "uid" : "",
          "subAdministrativeArea" : "",
          "topResult" : 0,
          "additionalInformation" : {
            "providerID" : 1,
            "mainCategory" : 0,
            "category" : -1,
            "skMapsCategoryId" : 0,
            "rankingIndex" : 5,
            "kSKOneBoxFilterDistanceKey" : 1141043.063939593,
            "identifier" : 0
          },
          "longitude" : 45.81291198730469,
          "subLocality" : "",
          "latitude" : 45.81291198730469,
          "type" : 0,
          "street" : "",
          "administrativeArea" : "Lombardy",
          "houseNumber" : "",
          "expected" : false,
          "postalCode" : "",
          "country" : "Italy",
          "name" : " [4009] Via Baracca Francesco",
          "locality" : "Mustonate"
        },
        {
          "ISOcountryCode" : "IT",
          "relevancyType" : 1,
          "administrativeAreaCode" : "",
          "uid" : "",
          "subAdministrativeArea" : "",
          "topResult" : 0,
          "additionalInformation" : {
            "providerID" : 1,
            "mainCategory" : 0,
            "category" : -1,
            "skMapsCategoryId" : 0,
            "rankingIndex" : 6,
            "kSKOneBoxFilterDistanceKey" : 1114263.852923508,
            "identifier" : 0
          },
          "longitude" : 45.72548294067383,
          "subLocality" : "",
          "latitude" : 45.72548294067383,
          "type" : 0,
          "street" : "",
          "administrativeArea" : "Lombardy",
          "houseNumber" : "",
          "expected" : false,
          "postalCode" : "",
          "country" : "Italy",
          "name" : " [4009] Via Baracca",
          "locality" : "Cascina Amata"
        },
        {
          "ISOcountryCode" : "IT",
          "relevancyType" : 1,
          "administrativeAreaCode" : "",
          "uid" : "",
          "subAdministrativeArea" : "",
          "topResult" : 0,
          "additionalInformation" : {
            "providerID" : 1,
            "mainCategory" : 0,
            "category" : -1,
            "skMapsCategoryId" : 0,
            "rankingIndex" : 7,
            "kSKOneBoxFilterDistanceKey" : 1047658.217160728,
            "identifier" : 0
          },
          "longitude" : 43.90906143188477,
          "subLocality" : "",
          "latitude" : 43.90906143188477,
          "type" : 0,
          "street" : "",
          "administrativeArea" : "Tuscany",
          "houseNumber" : "",
          "expected" : false,
          "postalCode" : "",
          "country" : "Italy",
          "name" : " [4009] Via Baracca",
          "locality" : "Montecatini Alto"
        },
        {
          "ISOcountryCode" : "IT",
          "relevancyType" : 1,
          "administrativeAreaCode" : "",
          "uid" : "",
          "subAdministrativeArea" : "",
          "topResult" : 0,
          "additionalInformation" : {
            "providerID" : 1,
            "mainCategory" : 0,
            "category" : -1,
            "skMapsCategoryId" : 0,
            "rankingIndex" : 8,
            "kSKOneBoxFilterDistanceKey" : 1107631.53094852,
            "identifier" : 0
          },
          "longitude" : 45.64535140991211,
          "subLocality" : "",
          "latitude" : 45.64535140991211,
          "type" : 0,
          "street" : "",
          "administrativeArea" : "Lombardy",
          "houseNumber" : "",
          "expected" : false,
          "postalCode" : "",
          "country" : "Italy",
          "name" : " [4009] Via Baracca",
          "locality" : "Canonica"
        },
        {
          "ISOcountryCode" : "IT",
          "relevancyType" : 1,
          "administrativeAreaCode" : "",
          "uid" : "",
          "subAdministrativeArea" : "",
          "topResult" : 0,
          "additionalInformation" : {
            "providerID" : 1,
            "mainCategory" : 0,
            "category" : -1,
            "skMapsCategoryId" : 0,
            "rankingIndex" : 9,
            "kSKOneBoxFilterDistanceKey" : 847787.1889772274,
            "identifier" : 0
          },
          "longitude" : 46.01097106933594,
          "subLocality" : "",
          "latitude" : 46.01097106933594,
          "type" : 0,
          "street" : "",
          "administrativeArea" : "Friuli Venezia Giulia",
          "houseNumber" : "",
          "expected" : false,
          "postalCode" : "",
          "country" : "Italy",
          "name" : " [4009] Via Baracca",
          "locality" : "Roveredo in Piano"
        },
        {
          "ISOcountryCode" : "IT",
          "relevancyType" : 1,
          "administrativeAreaCode" : "",
          "uid" : "",
          "subAdministrativeArea" : "",
          "topResult" : 0,
          "additionalInformation" : {
            "providerID" : 1,
            "mainCategory" : 0,
            "category" : -1,
            "skMapsCategoryId" : 0,
            "rankingIndex" : 10,
            "kSKOneBoxFilterDistanceKey" : 847890.6065508622,
            "identifier" : 0
          },
          "longitude" : 46.00447463989258,
          "subLocality" : "",
          "latitude" : 46.00447463989258,
          "type" : 0,
          "street" : "",
          "administrativeArea" : "Friuli Venezia Giulia",
          "houseNumber" : "",
          "expected" : false,
          "postalCode" : "",
          "country" : "Italy",
          "name" : " [4009] Via Baracca",
          "locality" : "Roveredo in Piano"
        },
        {
          "ISOcountryCode" : "IT",
          "relevancyType" : 1,
          "administrativeAreaCode" : "",
          "uid" : "",
          "subAdministrativeArea" : "",
          "topResult" : 0,
          "additionalInformation" : {
            "providerID" : 1,
            "mainCategory" : 0,
            "category" : -1,
            "skMapsCategoryId" : 0,
            "rankingIndex" : 11,
            "kSKOneBoxFilterDistanceKey" : 1140932.267071002,
            "identifier" : 0
          },
          "longitude" : 45.48838043212891,
          "subLocality" : "",
          "latitude" : 45.48838043212891,
          "type" : 0,
          "street" : "",
          "administrativeArea" : "Lombardy",
          "houseNumber" : "",
          "expected" : false,
          "postalCode" : "",
          "country" : "Italy",
          "name" : " [4009] Via Baracca",
          "locality" : "Marcallo con Casone"
        },
        {
          "ISOcountryCode" : "IT",
          "relevancyType" : 1,
          "administrativeAreaCode" : "",
          "uid" : "",
          "subAdministrativeArea" : "",
          "topResult" : 0,
          "additionalInformation" : {
            "providerID" : 1,
            "mainCategory" : 0,
            "category" : -1,
            "skMapsCategoryId" : 0,
            "rankingIndex" : 12,
            "kSKOneBoxFilterDistanceKey" : 1438751.844423156,
            "identifier" : 0
          },
          "longitude" : 39.72611999511719,
          "subLocality" : "",
          "latitude" : 39.72611999511719,
          "type" : 0,
          "street" : "",
          "administrativeArea" : "Sardinia",
          "houseNumber" : "",
          "expected" : false,
          "postalCode" : "",
          "country" : "Italy",
          "name" : " [4009] Via Baracca",
          "locality" : "Terraba-Terralba"
        },
        {
          "ISOcountryCode" : "HR",
          "relevancyType" : 2,
          "administrativeAreaCode" : "",
          "uid" : "",
          "subAdministrativeArea" : "",
          "topResult" : 0,
          "additionalInformation" : {
            "providerID" : 1,
            "mainCategory" : 0,
            "category" : -1,
            "skMapsCategoryId" : 120,
            "rankingIndex" : 13,
            "kSKOneBoxFilterDistanceKey" : 697924.2361172437,
            "identifier" : 0
          },
          "longitude" : 44.25554275512695,
          "subLocality" : "",
          "latitude" : 44.25554275512695,
          "type" : 0,
          "street" : "",
          "administrativeArea" : "",
          "houseNumber" : "",
          "expected" : false,
          "postalCode" : "",
          "country" : "Croatia",
          "name" : " [2156] Baraći",
          "locality" : "Jovići"
        },
        {
          "ISOcountryCode" : "NG",
          "relevancyType" : 1,
          "administrativeAreaCode" : "",
          "uid" : "",
          "subAdministrativeArea" : "",
          "topResult" : 0,
          "additionalInformation" : {
            "providerID" : 1,
            "mainCategory" : 0,
            "category" : -1,
            "skMapsCategoryId" : 394,
            "rankingIndex" : 14,
            "kSKOneBoxFilterDistanceKey" : 4006024.933656053,
            "identifier" : 0
          },
          "longitude" : 11.82840538024902,
          "subLocality" : "Moduganari Tudu",
          "latitude" : 11.82840538024902,
          "type" : 0,
          "street" : "",
          "administrativeArea" : "",
          "houseNumber" : "",
          "expected" : false,
          "postalCode" : "",
          "country" : "Nigeria",
          "name" : " [2152] Mobile Police Barack",
          "locality" : "Maisandari"
        },
        {
          "ISOcountryCode" : "FR",
          "relevancyType" : 1,
          "administrativeAreaCode" : "",
          "uid" : "",
          "subAdministrativeArea" : "",
          "topResult" : 0,
          "additionalInformation" : {
            "providerID" : 1,
            "mainCategory" : 0,
            "category" : -1,
            "skMapsCategoryId" : 0,
            "rankingIndex" : 15,
            "kSKOneBoxFilterDistanceKey" : 1463379.717797436,
            "identifier" : 0
          },
          "longitude" : 44.78867340087891,
          "subLocality" : "",
          "latitude" : 44.78867340087891,
          "type" : 0,
          "street" : "",
          "administrativeArea" : "Rhône-Alpes",
          "houseNumber" : "",
          "expected" : false,
          "postalCode" : "26250",
          "country" : "France",
          "name" : " [1856] Baraca",
          "locality" : "Loriol-sur-Drôme"
        },
        {
          "ISOcountryCode" : "ZA",
          "relevancyType" : 1,
          "administrativeAreaCode" : "",
          "uid" : "",
          "subAdministrativeArea" : "",
          "topResult" : 0,
          "additionalInformation" : {
            "providerID" : 1,
            "mainCategory" : 0,
            "category" : -1,
            "skMapsCategoryId" : 0,
            "rankingIndex" : 16,
            "kSKOneBoxFilterDistanceKey" : 8976141.600254528,
            "identifier" : 0
          },
          "longitude" : -33.87437057495117,
          "subLocality" : "",
          "latitude" : -33.87437057495117,
          "type" : 0,
          "street" : "",
          "administrativeArea" : "Western Cape",
          "houseNumber" : "",
          "expected" : false,
          "postalCode" : "",
          "country" : "South Africa",
          "name" : " [1856] Baraco Crescent",
          "locality" : "Kraaifontein"
        },
        {
          "ISOcountryCode" : "HU",
          "relevancyType" : 1,
          "administrativeAreaCode" : "",
          "uid" : "",
          "subAdministrativeArea" : "",
          "topResult" : 0,
          "additionalInformation" : {
            "providerID" : 1,
            "mainCategory" : 0,
            "category" : -1,
            "skMapsCategoryId" : 0,
            "rankingIndex" : 17,
            "kSKOneBoxFilterDistanceKey" : 352216.4455365736,
            "identifier" : 0
          },
          "longitude" : 47.73514556884766,
          "subLocality" : "",
          "latitude" : 47.73514556884766,
          "type" : 0,
          "street" : "",
          "administrativeArea" : "",
          "houseNumber" : "",
          "expected" : false,
          "postalCode" : "",
          "country" : "Hungary",
          "name" : " [1856] Barack köz",
          "locality" : "Sződliget"
        },
        {
          "ISOcountryCode" : "TZ",
          "relevancyType" : 1,
          "administrativeAreaCode" : "",
          "uid" : "",
          "subAdministrativeArea" : "",
          "topResult" : 0,
          "additionalInformation" : {
            "providerID" : 1,
            "mainCategory" : 0,
            "category" : -1,
            "skMapsCategoryId" : 0,
            "rankingIndex" : 18,
            "kSKOneBoxFilterDistanceKey" : 6154763.816015664,
            "identifier" : 0
          },
          "longitude" : -6.819163799285889,
          "subLocality" : "Kigamboni",
          "latitude" : -6.819163799285889,
          "type" : 0,
          "street" : "",
          "administrativeArea" : "",
          "houseNumber" : "",
          "expected" : false,
          "postalCode" : "",
          "country" : "Tanzania",
          "name" : " [1856] Barack Obama Drive",
          "locality" : "Dar es Salaam"
        }
      ]
    },
    {
      "providerId" : 6,
      "providerName" : "Telenav",
      "results" : [

      ]
    },
    {
      "providerId" : 2,
      "providerName" : "Recents",
      "results" : [
        {
          "ISOcountryCode" : "IT",
          "relevancyType" : 1,
          "administrativeAreaCode" : "",
          "uid" : "",
          "subAdministrativeArea" : "",
          "topResult" : 0,
          "additionalInformation" : {
            "providerID" : 1,
            "mainCategory" : 0,
            "category" : -1,
            "skMapsCategoryId" : 0,
            "rankingIndex" : 9,
            "kSKOneBoxFilterDistanceKey" : 847787.1889772274,
            "identifier" : 0,
            "locationSuggestion" : true
          },
          "longitude" : 46.01097106933594,
          "subLocality" : "",
          "latitude" : 46.01097106933594,
          "type" : 0,
          "street" : "",
          "administrativeArea" : "Friuli Venezia Giulia",
          "houseNumber" : "",
          "expected" : false,
          "postalCode" : "",
          "country" : "Italy",
          "name" : " [4009] Via Baracca",
          "locality" : "Roveredo in Piano"
        }
      ]
    },
    {
      "providerId" : 11,
      "providerName" : "Yelp",
      "results" : [

      ]
    },
    {
      "providerId" : 16,
      "providerName" : "Google",
      "results" : [

      ]
    },
    {
      "providerId" : 3,
      "providerName" : "Foursqare",
      "results" : [
        {
          "ISOcountryCode" : "RO",
          "relevancyType" : 1,
          "administrativeAreaCode" : "",
          "uid" : "4b533004f964a5208d9127e3",
          "subAdministrativeArea" : "",
          "topResult" : 0,
          "additionalInformation" : {
            "rating" : 9,
            "checkinCount" : 2462,
            "tipCount" : 67,
            "webSiteUrl" : "http:\/\/www.baracca.ro",
            "kSKOneBoxFilterDistanceKey" : 848.3867999871277,
            "type" : "Italian Restaurant",
            "rankingIndex" : 1,
            "hereNowCount" : 2,
            "providerID" : 3,
            "foursquarePOIUrl" : "https:\/\/foursquare.com\/v\/Baracca\/4b533004f964a5208d9127e3",
            "distance" : 849,
            "phoneNumber" : ""
          },
          "longitude" : 46.768146,
          "subLocality" : "",
          "latitude" : 46.768146,
          "type" : 1,
          "street" : "Str. Napoca nr. 8A",
          "administrativeArea" : "Cluj",
          "houseNumber" : "",
          "expected" : true,
          "postalCode" : "400009",
          "country" : "Romania",
          "name" : "Baracca",
          "locality" : "Cluj-Napoca"
        }
      ]
    },
    {
      "providerId" : 4,
      "providerName" : "TripAdvisor",
      "results" : [
        {
          "ISOcountryCode" : "",
          "relevancyType" : 1,
          "administrativeAreaCode" : "",
          "uid" : "",
          "subAdministrativeArea" : "",
          "topResult" : 0,
          "additionalInformation" : {
            "rating" : 4,
            "reviewCount" : 310,
            "onelineAddress" : "Cluj-Napoca, Cluj County, Northwest Romania, Transylvania",
            "poiUrl" : "http:\/\/www.tripadvisor.com\/Restaurant_Review-g298474-d1995304-Reviews-m17310-Baracca-Cluj_Napoca_Cluj_County_Northwest_Romania_Transylvania.html",
            "kSKOneBoxFilterDistanceKey" : 833.4107546883214,
            "ranking" : "#8 of 216 restaurants in Cluj-Napoca",
            "rankingIndex" : 1,
            "price" : "$14 - $35",
            "imageURL" : "http:\/\/media-cdn.tripadvisor.com\/media\/photo-s\/02\/4a\/4a\/39\/interior-baracca.jpg",
            "providerID" : 4,
            "rawRanking" : 3.91,
            "distance" : 830,
            "thumbnailImageURL" : "http:\/\/media-cdn.tripadvisor.com\/media\/photo-s\/02\/4a\/4a\/39\/interior-baracca.jpg"
          },
          "longitude" : 46.76824,
          "subLocality" : "",
          "latitude" : 46.76824,
          "type" : 1,
          "street" : "",
          "administrativeArea" : "",
          "houseNumber" : "",
          "expected" : true,
          "postalCode" : "",
          "country" : "",
          "name" : "Baracca",
          "locality" : ""
        }
      ]
    }
  ],
  "searchTerm" : "baracc",
  "searchLanguage" : "en",
  "latitude" : 46.77531433104646,
  "radius" : 10000
}